Title,Author,Publish Year,Edition Count,Subject,Work ID
Alice's Adventures in Wonderland,Lewis Carroll,1865,3547,Fantasy,/works/OL138052W
The Wonderful Wizard of Oz,L. Frank Baum,1899,2049,Fantasy,/works/OL18417W
Treasure Island,Robert Louis Stevenson,1880,1988,Fantasy,/works/OL24034W
Gulliver's Travels,Jonathan Swift,1726,1810,Fantasy,/works/OL20600W
A Midsummer Night's Dream,William Shakespeare,1600,1505,Fantasy,/works/OL259010W
The Prince,Niccolò Machiavelli,1515,1407,Fantasy,/works/OL1089297W
Through the Looking-Glass,Lewis Carroll,1865,1379,Fantasy,/works/OL151406W
The Wind in the Willows,Kenneth Grahame,1908,1346,Fantasy,/works/OL28570037W
Five Children and It,Edith Nesbit,1905,950,Fantasy,/works/OL99499W
The Princess and the Goblin,George MacDonald,1872,750,Fantasy,/works/OL15449W
The Lost World,Arthur Conan Doyle,1900,747,Fantasy,/works/OL262460W
The Marvelous Land of Oz,L. Frank Baum,1904,724,Fantasy,/works/OL18396W
Ozma of Oz,L. Frank Baum,1907,701,Fantasy,/works/OL18415W
Le petit prince,Antoine de Saint-Exupéry,1943,688,Fantasy,/works/OL10263W
The Emerald City of Oz,L. Frank Baum,1910,634,Fantasy,/works/OL18409W
Dorothy and the Wizard in Oz,L. Frank Baum,1908,622,Fantasy,/works/OL18412W
The Lost Princess of Oz,L. Frank Baum,1917,591,Fantasy,/works/OL18411W
The Story of the Amulet,Edith Nesbit,1905,578,Fantasy,/works/OL407476W
The Complete Life and Adventures of Santa Claus,L. Frank Baum,1902,560,Fantasy,/works/OL262358W
Alice's Adventures in Wonderland / Through the Looking Glass,Lewis Carroll,1889,544,Fantasy,/works/OL151411W
Nineteen Eighty-Four,George Orwell,1949,536,Fantasy,/works/OL1168083W
The Road to Oz,L. Frank Baum,1909,533,Fantasy,/works/OL262390W
The Sea Fairies,L. Frank Baum,1911,528,Fantasy,/works/OL262384W
Baum's American Fairy Tales,L. Frank Baum,1901,514,Fantasy,/works/OL262341W
Sky Island,L. Frank Baum,1912,510,Fantasy,/works/OL262385W
The Scarecrow of Oz,L. Frank Baum,1915,503,Fantasy,/works/OL262352W
The Patchwork Girl of Oz,L. Frank Baum,1913,496,Fantasy,/works/OL18405W
The Magic of Oz,L. Frank Baum,1919,495,Fantasy,/works/OL262380W
Tik-Tok of Oz,L. Frank Baum,1914,490,Fantasy,/works/OL18414W
Rinkitink in Oz,L. Frank Baum,1916,488,Fantasy,/works/OL262376W
The Hobbit,J.R.R. Tolkien,1703,481,Fantasy,/works/OL27482W
The Enchanted Castle,Edith Nesbit,1907,478,Fantasy,/works/OL99541W
Phantastes,George MacDonald,1850,472,Fantasy,/works/OL15450W
The Tin Woodman of Oz,L. Frank Baum,1918,461,Fantasy,/works/OL262381W
A Princess of Mars,Edgar Rice Burroughs,1912,456,Fantasy,/works/OL1418187W
Glinda of Oz,L. Frank Baum,1920,454,Fantasy,/works/OL262391W
The Magic City,Edith Nesbit,1910,445,Fantasy,/works/OL99535W
Peter Pan,J. M. Barrie,1911,441,Fantasy,/works/OL462007W
The Phoenix and the Carpet,Edith Nesbit,1903,438,Fantasy,/works/OL99539W
Le avventure di Pinocchio,Carlo Collodi,1883,431,Fantasy,/works/OL1527356W
Le Tour du Monde en Quatre-Vingts Jours,Jules Verne,1872,426,Fantasy,/works/OL1100007W
Harry Potter and the Philosopher's Stone,J. K. Rowling,1997,398,Fantasy,/works/OL82563W
The description of a new world,"Margaret Cavendish, Duchess of Newcastle",1666,361,Fantasy,/works/OL1112413W
"News from nowhere, or, An epoch of rest, being some chapters from a utopian romance",William Morris,1890,347,Fantasy,/works/OL47721W
À rebours,Joris-Karl Huysmans,1884,337,Fantasy,/works/OL2239396W
The Secret Agent,Joseph Conrad,1907,335,Fantasy,/works/OL39108W
Puck of Pook's Hill,Rudyard Kipling,1900,322,Fantasy,/works/OL20165W
The Fellowship of the Ring,J.R.R. Tolkien,1954,315,Fantasy,/works/OL27513W
Harry Potter and the Chamber of Secrets,J. K. Rowling,1998,305,Fantasy,/works/OL82537W
The Enchanted Island of Yew,L. Frank Baum,1903,288,Fantasy,/works/OL262388W
The Two Towers,J.R.R. Tolkien,1954,288,Fantasy,/works/OL27479W
The Return of the King,J.R.R. Tolkien,1950,285,Fantasy,/works/OL27455W
After London,Richard Jefferies,1885,280,Fantasy,/works/OL1176822W
Harry Potter and the Prisoner of Azkaban,J. K. Rowling,1999,279,Fantasy,/works/OL82536W
The Royal Book of Oz,Ruth Plumly Thompson,1921,270,Fantasy,/works/OL1156218W
Jurgen,James Branch Cabell,1919,259,Fantasy,/works/OL6585796W
The wood beyond the world,William Morris,1894,250,Fantasy,/works/OL47752W
Harry Potter and the Order of the Phoenix,J. K. Rowling,2003,247,Fantasy,/works/OL82548W
Harry Potter and the Goblet of Fire,J. K. Rowling,2000,242,Fantasy,/works/OL82560W
Мастер и Маргарита,Михаил Афанасьевич Булгаков,1966,235,Fantasy,/works/OL676009W
Sylvie and Bruno,Lewis Carroll,1889,232,Fantasy,/works/OL151430W
The Moon Pool,A. Merritt,1919,230,Fantasy,/works/OL4104767W
The reluctant dragon,Kenneth Grahame,1938,228,Fantasy,/works/OL69602W
The Story of Doctor Dolittle,Hugh Lofting,1920,224,Fantasy,/works/OL1449046W
Charlie and the Chocolate Factory,Roald Dahl,1964,221,Fantasy,/works/OL45790W
The Well at the World's End,William Morris,1892,216,Fantasy,/works/OL47750W
The water-babies: a fairy tale for a land-baby,Charles Kingsley,1863,213,Fantasy,/works/OL1130038W
Cien años de soledad,Gabriel García Márquez,1967,207,Fantasy,/works/OL274505W
Brood of the Witch-Queen,Sax Rohmer,1924,194,Fantasy,/works/OL2288676W
The Horse and His Boy,C. S. Lewis,1954,185,Fantasy,/works/OL71058W
Fifty-one tales,Lord Dunsany,1915,179,Fantasy,/works/OL83881W
Harry Potter and the Half-Blood Prince,J. K. Rowling,2005,177,Fantasy,/works/OL82565W
"The little white bird, or, Adventures in Kensington gardens",J. M. Barrie,1902,172,Fantasy,/works/OL461993W
Wet Magic,Edith Nesbit,1937,166,Fantasy,/works/OL99513W
The Magician's Nephew,C. S. Lewis,1955,163,Fantasy,/works/OL71042W
Peter Pan in Kensington Gardens,J. M. Barrie,1906,163,Fantasy,/works/OL462123W
The Master Key,L. Frank Baum,1901,162,Fantasy,/works/OL262383W
Morning Star,H. Rider Haggard,1910,159,Fantasy,/works/OL17506W
The Voyages of Doctor Dolittle,Hugh Lofting,1922,158,Fantasy,/works/OL1449063W
"The Lion, the Witch and the Wardrobe",C. S. Lewis,1950,157,Fantasy,/works/OL71037W
The house of the Wolfings,William Morris,1889,156,Fantasy,/works/OL47670W
The Silmarillion,J.R.R. Tolkien,1977,156,Fantasy,/works/OL27495W
The Crock of Gold,James Stephens,1912,155,Fantasy,/works/OL1154817W
James and the Giant Peach,Roald Dahl,1961,149,Fantasy,/works/OL45809W
Charlotte's Web,E. B. White,1952,149,Fantasy,/works/OL483391W
Northern Lights,Philip Pullman,1995,148,Fantasy,/works/OL28988W
Prince Caspian,C. S. Lewis,1951,145,Fantasy,/works/OL71069W
Harry Potter and the Deathly Hallows,J. K. Rowling,2007,144,Fantasy,/works/OL82586W
The Silver Chair,C. S. Lewis,1953,141,Fantasy,/works/OL71078W
The BFG,Roald Dahl,1980,136,Fantasy,/works/OL45885W
A Game of Thrones,George R. R. Martin,1996,136,Fantasy,/works/OL257943W
Lost Horizon,James Hilton,1933,130,Fantasy,/works/OL2455093W
Where the Wild Things Are,Maurice Sendak,1963,125,Fantasy,/works/OL2568879W
Little Wizard stories of Oz,L. Frank Baum,1914,124,Fantasy,/works/OL18394W
Fatta Eld,Suzanne Collins,2009,116,Fantasy,/works/OL36410330W
A strange manuscript found in a copper cylinder,James De Mille,1888,110,Fantasy,/works/OL96167W
Watership Down,Richard Adams,1972,108,Fantasy,/works/OL2096536W
"Momo oder Die seltsame Geschichte von den Zeit-Dieben und von dem Kind, das den Menschen die gestohlene Zeit zurückbrachte",Michael Ende,1973,108,Fantasy,/works/OL2271626W
The Subtle Knife,Philip Pullman,1997,106,Fantasy,/works/OL28993W
The Last Battle,C. S. Lewis,1956,106,Fantasy,/works/OL71124W
"Frankenstein; or, The Modern Prometheus",Mary Shelley,1818,2187,Science Fiction,/works/OL450063W
Dracula,Bram Stoker,1897,1917,Science Fiction,/works/OL85892W
The Time Machine,H. G. Wells,1895,1146,Science Fiction,/works/OL52267W
Brave New World,Aldous Huxley,1932,722,Science Fiction,/works/OL64365W
The Jewel of Seven Stars,Bram Stoker,1902,653,Science Fiction,/works/OL85891W
The Iron Heel,Jack London,1907,597,Science Fiction,/works/OL74502W
Flatland,Edwin Abbott Abbott,1884,585,Science Fiction,/works/OL118388W
The Invisible Man,H. G. Wells,0,563,Science Fiction,/works/OL52266W
The Princess and Curdie,George MacDonald,1832,487,Science Fiction,/works/OL15448W
The War of the Worlds,H. G. Wells,0,457,Science Fiction,/works/OL52114W
The Napoleon of Notting Hill,Gilbert Keith Chesterton,1904,454,Science Fiction,/works/OL76473W
The Last Man,Mary Shelley,1826,430,Science Fiction,/works/OL450124W
The warlord of Mars #3,Edgar Rice Burroughs,1914,420,Science Fiction,/works/OL1418137W
Vingt mille lieues sous les mers,Jules Verne,1870,384,Science Fiction,/works/OL1099280W
The Strange Case of Dr. Jekyll and Mr. Hyde,Robert Louis Stevenson,1875,373,Science Fiction,/works/OL24156W
The Poison Belt,Arthur Conan Doyle,1913,345,Science Fiction,/works/OL262596W
The Gods of Mars,Edgar Rice Burroughs,1918,315,Science Fiction,/works/OL1417942W
The Chessmen of Mars,Edgar Rice Burroughs,1922,313,Science Fiction,/works/OL1418244W
The Machine Stops,E. M. Forster,1909,311,Science Fiction,/works/OL88800W
The Island of Dr. Moreau,H. G. Wells,1896,295,Science Fiction,/works/OL381550W
Gullivar of Mars,Edwin Lester Linden Arnold,1964,290,Science Fiction,/works/OL5960415W
The Coming Race,"Edward Bulwer Lytton, Baron Lytton",1871,262,Science Fiction,/works/OL61825W
Fahrenheit 451,Ray Bradbury,1953,262,Science Fiction,/works/OL103123W
"The king of the Golden River; or, The black brothers",John Ruskin,1839,235,Science Fiction,/works/OL88599W
At the Earth's Core,Edgar Rice Burroughs,1914,219,Science Fiction,/works/OL1417907W
In the days of the comet,H. G. Wells,1906,213,Science Fiction,/works/OL52252W
Мы,Евгений Иванович Замятин,1924,210,Science Fiction,/works/OL10215W
De la terre à la lune,Jules Verne,1865,208,Science Fiction,/works/OL1099479W
"Thuvia, Maid of Mars",Edgar Rice Burroughs,1916,206,Science Fiction,/works/OL1418128W
Voyage au Centre de la Terre,Jules Verne,1867,205,Science Fiction,/works/OL1099513W
When the Sleeper Awakes,H. G. Wells,1899,197,Science Fiction,/works/OL52151W
The food of the gods and how it came to earth,H. G. Wells,1900,194,Science Fiction,/works/OL52195W
"The Beasts of Tarzan (Classic Ace SF, F-203)",Edgar Rice Burroughs,1914,188,Science Fiction,/works/OL1417916W
When the World Shook,H. Rider Haggard,1919,181,Science Fiction,/works/OL17518W
The Handmaid's Tale,Margaret Atwood,1985,174,Science Fiction,/works/OL675783W
It Can't Happen Here,Sinclair Lewis,1935,157,Science Fiction,/works/OL51145W
R.U.R. and The insect play,Karel Čapek,1920,147,Science Fiction,/works/OL575625W
The Hunger Games,Suzanne Collins,2008,142,Science Fiction,/works/OL5735363W
Slaughterhouse-Five,Kurt Vonnegut,1956,140,Science Fiction,/works/OL98459W
A Fighting Man Of Mars,Edgar Rice Burroughs,1931,138,Science Fiction,/works/OL1418176W
The Martian Chronicles,Ray Bradbury,1950,138,Science Fiction,/works/OL103134W
A Clockwork Orange,Anthony Burgess,1962,136,Science Fiction,/works/OL261794W
The Master Mind of Mars,Edgar Rice Burroughs,1928,130,Science Fiction,/works/OL1418222W
Armageddon 2419 AD,Philip Francis Nowlan,1962,127,Science Fiction,/works/OL8126453W
The Hitch Hiker's Guide to the Galaxy,Douglas Adams,1979,122,Science Fiction,/works/OL2163649W
Dune,Frank Herbert,1965,120,Science Fiction,/works/OL893415W
On the Beach,Nevil Shute,1957,119,Science Fiction,/works/OL2779754W
2001,Arthur C. Clarke,1968,117,Science Fiction,/works/OL17365W
Synthetic Men of Mars,Edgar Rice Burroughs,1940,115,Science Fiction,/works/OL1418033W
The First Men in the Moon,H. G. Wells,1900,114,Science Fiction,/works/OL52260W
Charlie and the Great Glass Elevator,Roald Dahl,1972,113,Science Fiction,/works/OL45793W
Cinq semaines en ballon,Jules Verne,1867,112,Science Fiction,/works/OL1099380W
Swords of Mars,Edgar Rice Burroughs,1936,110,Science Fiction,/works/OL1418224W
Little Fuzzy,H. Beam Piper,1961,110,Science Fiction,/works/OL579085W
Llana of Gathol (Mars #10),Edgar Rice Burroughs,1948,107,Science Fiction,/works/OL1417975W
The Giver,Lois Lowry,1993,106,Science Fiction,/works/OL1846076W
The house behind the cedars,Charles Waddell Chesnutt,1900,105,Science Fiction,/works/OL112797W
A Wrinkle in Time,Madeleine L'Engle,1962,105,Science Fiction,/works/OL41495W
The ship of Ishtar,A. Merritt,1924,104,Science Fiction,/works/OL4104766W
Lord of the World,Robert Hugh Benson,1907,104,Science Fiction,/works/OL50103W
Ender's Game,Orson Scott Card,1985,104,Science Fiction,/works/OL49488W
A Modern Utopia,H. G. Wells,1900,102,Science Fiction,/works/OL52256W
"I, Robot",Isaac Asimov,1950,99,Science Fiction,/works/OL46241W
Foundation,Isaac Asimov,1951,99,Science Fiction,/works/OL46125W
Mockingjay,Suzanne Collins,2010,98,Science Fiction,/works/OL14908941W
The water of the Wondrous isles,William Morris,1897,96,Science Fiction,/works/OL47745W
Deception Point,Dan Brown,2001,96,Science Fiction,/works/OL76835W
The Gunslinger,Stephen King,1976,95,Science Fiction,/works/OL81628W
Jurassic Park,Michael Crichton,1990,93,Science Fiction,/works/OL46881W
The Restaurant at the End of the Universe,Douglas Adams,1980,92,Science Fiction,/works/OL2163655W
Plague Ship,Andre Norton,1956,91,Science Fiction,/works/OL473283W
The Time Traders,Andre Norton,1958,91,Science Fiction,/works/OL473477W
The Left Hand of Darkness,Ursula K. Le Guin,1969,91,Science Fiction,/works/OL59800W
Do Androids Dream of Electric Sheep?,Philip K. Dick,1968,90,Science Fiction,/works/OL2172356W
Star Born,Andre Norton,1957,89,Science Fiction,/works/OL473476W
The Blind Assassin,Margaret Atwood,2000,89,Science Fiction,/works/OL675698W
The Dead Zone,Stephen King,1979,88,Science Fiction,/works/OL81630W
Eragon,Christopher Paolini,2000,88,Science Fiction,/works/OL5819895W
Divergent,Veronica Roth,2010,87,Science Fiction,/works/OL15719630W
Junkyard Planet,H. Beam Piper,1631,87,Science Fiction,/works/OL579075W
La casa verde,Mario Vargas Llosa,1966,87,Science Fiction,/works/OL857541W
A Wizard of Earthsea,Ursula K. Le Guin,1968,87,Science Fiction,/works/OL59798W
The Amber Spyglass,Philip Pullman,1999,87,Science Fiction,/works/OL28996W
Cat's Cradle,Kurt Vonnegut,1963,86,Science Fiction,/works/OL98454W
Solaris,Stanisław Lem,1961,86,Science Fiction,/works/OL109524W
The Adventures of Captain Underpants,Dav Pilkey,1997,85,Science Fiction,/works/OL14871228W
Wuthering Heights,Emily Brontë,1846,2887,Romance,/works/OL21177W
Emma,Jane Austen,1815,2263,Romance,/works/OL66513W
Sense and Sensibility,Jane Austen,1811,2090,Romance,/works/OL66562W
Little Women,Louisa May Alcott,1848,1888,Romance,/works/OL29983W
Анна Каренина,Лев Толстой,1876,1315,Romance,/works/OL267096W
The Great Gatsby,F. Scott Fitzgerald,1920,1179,Romance,/works/OL468431W
Jane Eyre,Charlotte Brontë,1847,1170,Romance,/works/OL1095427W
Northanger Abbey,Jane Austen,1818,1013,Romance,/works/OL66534W
Ethan Frome,Edith Wharton,1910,1000,Romance,/works/OL98501W
The Moonstone,Wilkie Collins,1800,977,Romance,/works/OL176092W
A Room with a View,E. M. Forster,1905,755,Romance,/works/OL88813W
Hrabě Monte Cristo. Díl 1 a 2 (třísvazkové vydání),Alexandre Dumas,1830,736,Romance,/works/OL36287W
Riders of the Purple Sage,Zane Grey,1912,709,Romance,/works/OL485504W
Uncle Tom's Cabin,Harriet Beecher Stowe,1850,688,Romance,/works/OL152161W
This Side of Paradise,F. Scott Fitzgerald,1920,631,Romance,/works/OL468488W
Women in Love,D. H. Lawrence,1877,564,Romance,/works/OL81294W
Heart of Darkness,Joseph Conrad,1899,553,Romance,/works/OL38663W
She,H. Rider Haggard,1886,510,Romance,/works/OL17453W
Howards End,E. M. Forster,1910,498,Romance,/works/OL88881W
Cranford,Elizabeth Cleghorn Gaskell,1853,473,Romance,/works/OL1103093W
The Portrait of a Lady,Henry James,1881,432,Romance,/works/OL276365W
Jude the Obscure,Thomas Hardy,1895,425,Romance,/works/OL44986W
"Under the Greenwood Tree or, The Mellstock quire",Thomas Hardy,1872,425,Romance,/works/OL44973W
Le rouge et le noir,Stendhal,1830,404,Romance,/works/OL733640W
The Woodlanders,Thomas Hardy,1800,392,Romance,/works/OL44990W
The pioneers,James Fenimore Cooper,1800,378,Romance,/works/OL77997W
The Lone Star Ranger,Zane Grey,1914,358,Romance,/works/OL485469W
The ghost,Arnold Bennett,1907,319,Romance,/works/OL109229W
Framley Parsonage,Anthony Trollope,1861,317,Romance,/works/OL109880W
The Age of Innocence,Edith Wharton,1920,301,Romance,/works/OL98491W
Daisy Miller,Henry James,1877,244,Romance,/works/OL276328W
The Ambassadors,Henry James,1903,231,Romance,/works/OL276470W
Washington Square,Henry James,1880,219,Romance,/works/OL276395W
Poirot investigates,Agatha Christie,1924,216,Romance,/works/OL471940W
The Return of the Native,Thomas Hardy,1878,205,Romance,/works/OL44994W
Death on the Nile,Agatha Christie,1937,187,Romance,/works/OL471724W
Доктор Живаго,Boris Leonidovich Pasternak,1957,176,Romance,/works/OL258301W
Fifty Shades of Grey,E. L. James,2000,141,Romance,/works/OL16336633W
Pride and Prejudice,Jane Austen,1813,132,Romance,/works/OL15165350W
Twilight,Stephenie Meyer,2005,131,Romance,/works/OL5720023W
El amor en los tiempos del cólera,Gabriel García Márquez,1985,130,Romance,/works/OL274518W
The Mystery of the Blue Train,Agatha Christie,1928,124,Romance,/works/OL471603W
Genji monogatari,Murasaki Shikibu,1900,121,Romance,/works/OL2564006W
In Cold Blood,Truman Capote,1965,117,Romance,/works/OL1992198W
Comus,John Milton,1738,111,Romance,/works/OL810989W
The Godfather,Mario Puzo,1969,109,Romance,/works/OL1673205W
Abel Sánchez,Miguel de Unamuno,1917,108,Romance,/works/OL503503W
Pelham,"Edward Bulwer Lytton, Baron Lytton",1828,108,Romance,/works/OL8088746W
The Eustace diamonds,Anthony Trollope,1872,102,Romance,/works/OL109873W
Jamaica Inn,Daphne du Maurier,1936,100,Romance,/works/OL36632W
The Last Chronicle of Barset,Anthony Trollope,1867,97,Romance,/works/OL109876W
Dead Man's Folly,Agatha Christie,1956,96,Romance,/works/OL471713W
Eclipse,Stephenie Meyer,2006,94,Romance,/works/OL5720025W
The Custom of the Country,Edith Wharton,1900,94,Romance,/works/OL98585W
Der Vorleser,Bernhard Schlink,1995,89,Romance,/works/OL14871157W
New Moon,Stephenie Meyer,2006,88,Romance,/works/OL5720027W
Sad Cypress,Agatha Christie,1939,86,Romance,/works/OL471870W
Les Dieux Ont Soif,Anatole France,1900,86,Romance,/works/OL989065W
Fifty Shades Darker,E. L. James,2011,83,Romance,/works/OL16550681W
The Fault in Our Stars,John Green,2010,80,Romance,/works/OL16444438W
Frenchman's Creek,Daphne du Maurier,1940,80,Romance,/works/OL7917284W
The Thorn Birds,Colleen McCullough,1977,79,Romance,/works/OL1882556W
Fifty Shades Freed,E. L. James,2011,78,Romance,/works/OL16550682W
The Talisman,Sir Walter Scott,1800,77,Romance,/works/OL863795W
Novels (Emma / Mansfield Park / Northanger Abbey / Persuasion / Pride and Prejudice / Sense and Sensibility),Jane Austen,1818,75,Romance,/works/OL66512W
The Horse Whisperer,Nicholas Evans,1995,72,Romance,/works/OL1850341W
The Price of Salt,Patricia Highsmith,1952,72,Romance,/works/OL59448W
The well-beloved,Thomas Hardy,1897,71,Romance,/works/OL44989W
A Torre Negra,Stephen King,1991,70,Romance,/works/OL81625W
Can you forgive her?,Anthony Trollope,1800,69,Romance,/works/OL109868W
High Fidelity,Nick Hornby,1995,66,Romance,/works/OL1916907W
The God of Small Things,Arundhati Roy,1997,65,Romance,/works/OL1052133W
My Secret Life,Walter,1966,64,Romance,/works/OL264676W
Potterism,Rose Macaulay,1920,63,Romance,/works/OL261828W
The Wings of the Dove,Henry James,1902,60,Romance,/works/OL276397W
O mandarim,Eça de Queiroz,1889,59,Romance,/works/OL846543W
Americanah,Chimamanda Ngozi Adichie,1969,58,Romance,/works/OL16805415W
The Minister's Wooing,Harriet Beecher Stowe,1800,57,Romance,/works/OL152226W
Night Over Water,Ken Follett,1981,56,Romance,/works/OL1914085W
Nichts ist stärker als die Liebe,Danielle Steel,1981,55,Romance,/works/OL19613W
Cidade e as serras,Eça de Queiroz,1900,55,Romance,/works/OL846552W
Seta,Alessandro Baricco,1920,54,Romance,/works/OL876504W
The Notebook,Nicholas Sparks,1996,53,Romance,/works/OL54797W
The Vampire Lestat,Anne Rice,1986,53,Romance,/works/OL77813W
The Duke's Children,Anthony Trollope,1880,51,Romance,/works/OL109872W
Paper Towns,John Green,2008,50,Romance,/works/OL11822690W
Outlander,Diana Gabaldon,1991,50,Romance,/works/OL3261155W
Il était une fois l'amour,Danielle Steel,1981,49,Romance,/works/OL19590W
Oryx and Crake,Margaret Atwood,2002,49,Romance,/works/OL675722W
Ken Ward in the Jungle,Zane Grey,1912,49,Romance,/works/OL485457W
Light a Penny Candle,Maeve Binchy,1970,48,Romance,/works/OL56770W
Royal Escape,Georgette Heyer,1938,47,Romance,/works/OL4092591W
Me Before You,Jojo Moyes,2012,47,Romance,/works/OL28353073W
The Glimpses of the Moon,Edith Wharton,1922,46,Romance,/works/OL98580W
"Landfall, a channel story",Nevil Shute,1940,46,Romance,/works/OL2779743W
Mistress of Mellyn,Eleanor Burford,1960,46,Romance,/works/OL3931421W
Echoes,Maeve Binchy,1985,45,Romance,/works/OL56768W
Dragonfly in Amber,Diana Gabaldon,1992,45,Romance,/works/OL3261153W
Lie Down With Lions,Ken Follett,1985,44,Romance,/works/OL1914086W
Bible,Bible,1200,6107,History,/works/OL17732W
Pride and Prejudice,Jane Austen,1813,4039,History,/works/OL66554W
A Christmas Carol,Charles Dickens,1843,3198,History,/works/OL32466W
The Picture of Dorian Gray,Oscar Wilde,1890,3012,History,/works/OL8193416W
Adventures of Huckleberry Finn,Mark Twain,1876,2622,History,/works/OL53908W
The Scarlet Letter,Nathaniel Hawthorne,1800,2425,History,/works/OL455305W
Robinson Crusoe,Daniel Defoe,1686,2420,History,/works/OL45089W
Oliver Twist,Charles Dickens,1822,2209,History,/works/OL8193478W
A Tale of Two Cities,Charles Dickens,1800,2060,History,/works/OL8193465W
Macbeth,William Shakespeare,1508,1866,History,/works/OL258902W
The Call of the Wild,Jack London,1903,1700,History,/works/OL14942956W
The Secret Garden,Frances Hodgson Burnett,1911,1594,History,/works/OL69612W
Don Quijote de la Mancha,Miguel de Cervantes Saavedra,1600,1594,History,/works/OL503666W
Madame Bovary,Gustave Flaubert,1856,1558,History,/works/OL893707W
The Art of War,孙武 (Sun Tzu),1900,1542,History,/works/OL244537W
Great Expectations,Charles Dickens,1861,1489,History,/works/OL8721462W
Julius Caesar,William Shakespeare,1656,1477,History,/works/OL362702W
La Divina Commedia,Dante Alighieri,1472,1339,History,/works/OL93082W
The Hound of the Baskervilles,Arthur Conan Doyle,1900,1309,History,/works/OL262454W
Anne of Green Gables,Lucy Maud Montgomery,1908,1299,History,/works/OL77746W
Преступление и наказание,Fyodor Dostoyevsky,1866,1179,History,/works/OL166894W
Three Men in a Boat (to say nothing of the dog),Jerome Klapka Jérôme,1889,1137,History,/works/OL1793164W
The Adventures of Sherlock Holmes [12 stories],Arthur Conan Doyle,1892,1132,History,/works/OL262421W
The Taming of the Shrew,William Shakespeare,1631,1126,History,/works/OL362690W
Moby Dick,Herman Melville,1851,1116,History,/works/OL102749W
Moll Flanders,Daniel Defoe,1722,1114,History,/works/OL45139W
Les Trois Mousquetaires,Alexandre Dumas,1844,1104,History,/works/OL36861W
Candide,Voltaire,1746,1079,History,/works/OL100672W
Narrative of the life of Frederick Douglass,Frederick Douglass,1845,1032,History,/works/OL69178W
Twelve years a slave,Solomon Northup,1853,1029,History,/works/OL78871W
Hard Times,Charles Dickens,1854,1028,History,/works/OL8193387W
The Legend of Sleepy Hollow,Washington Irving,1820,1017,History,/works/OL63985W
Troilus and Cressida,William Shakespeare,1609,992,History,/works/OL362685W
The Railway Children,Edith Nesbit,1900,985,History,/works/OL99509W
Romeo and Juliet,William Shakespeare,1597,985,History,/works/OL362427W
Antony and Cleopatra,William Shakespeare,1734,949,History,/works/OL362695W
Kim,Rudyard Kipling,1901,934,History,/works/OL19908W
The Adventures of Tom Sawyer,Mark Twain,1817,879,History,/works/OL53919W
The Last of the Mohicans,James Fenimore Cooper,1826,864,History,/works/OL77958W
David Copperfield,Charles Dickens,1800,846,History,/works/OL8662242W
King Richard II,William Shakespeare,1597,840,History,/works/OL362665W
Записки изъ подполья,Fyodor Dostoyevsky,1864,837,History,/works/OL21025633W
My Ántonia,Willa Cather,1818,832,History,/works/OL12791W
The Old Curiosity Shop,Charles Dickens,1800,825,History,/works/OL14869167W
Anne's House of Dreams,Lucy Maud Montgomery,1917,822,History,/works/OL77764W
The Merchant of Venice,William Shakespeare,1600,818,History,/works/OL258758W
Anne of Avonlea,Lucy Maud Montgomery,1909,813,History,/works/OL77744W
πολιτεία,Plato,1554,794,History,/works/OL51831W
A Connecticut Yankee in King Arthur's Court,Mark Twain,1889,788,History,/works/OL54031W
"Henry IV, Part 1",William Shakespeare,1598,782,History,/works/OL1348798W
Anne of the Island,Lucy Maud Montgomery,1915,781,History,/works/OL77748W
Coriolanus,William Shakespeare,1734,780,History,/works/OL362166W
Richard III,William Shakespeare,1597,759,History,/works/OL362684W
Leaves of Grass,Walt Whitman,1855,755,History,/works/OL16333W
The Prince and the Pauper,Mark Twain,1881,755,History,/works/OL53994W
Metamorfosi,Ovid,1474,747,History,/works/OL97727W
Aeneis,Publius Vergilius Maro,1592,721,History,/works/OL47087W
King Henry VIII,William Shakespeare,1670,718,History,/works/OL361246W
The Comedy of Errors,William Shakespeare,1734,715,History,/works/OL362679W
Decamerone,Giovanni Boccaccio,1516,700,History,/works/OL7180368W
The Autobiography of Benjamin Franklin,Benjamin Franklin,1791,679,History,/works/OL26492W
The Jungle,Upton Sinclair,1707,673,History,/works/OL114967W
The Story of the Treasure Seekers,Edith Nesbit,1899,653,History,/works/OL99522W
The Woman in White,Wilkie Collins,1859,653,History,/works/OL176045W
War and Peace,Лев Толстой,1864,644,History,/works/OL267171W
The Red Badge of Courage,Stephen Crane,1855,639,History,/works/OL20844W
Henry V,William Shakespeare,1600,631,History,/works/OL361466W
Silas Marner,George Eliot,1800,628,History,/works/OL20874W
O Pioneers!,Willa Cather,1913,613,History,/works/OL12795W
Ulysses,James Joyce,1914,612,History,/works/OL86318W
Goldsmith's The vicar of Wakefield,Oliver Goldsmith,1111,609,History,/works/OL890896W
The Scarlet Pimpernel,Emma Orczy,1900,591,History,/works/OL1253285W
The Blithedale Romance,Nathaniel Hawthorne,1852,571,History,/works/OL455512W
Ab urbe condita,Titus Livius,1481,558,History,/works/OL1261147W
Lorna Doone,R. D. Blackmore,1656,556,History,/works/OL3686133W
La chartreuse de Parme,Stendhal,1800,554,History,/works/OL733285W
Pollyanna,Eleanor Hodgman Porter,1912,552,History,/works/OL2775807W
Orthodoxy,Gilbert Keith Chesterton,1874,551,History,/works/OL76350W
Saint Francis of Assisi,Gilbert Keith Chesterton,1923,547,History,/works/OL76399W
Book of common prayer,Church of England,1537,545,History,/works/OL769120W
De rerum natura,Titus Lucretius Carus,1486,537,History,/works/OL1548597W
The Jungle Book,Rudyard Kipling,1893,536,History,/works/OL19870W
The Riddle of the Sands,Erskine Childers,1903,532,History,/works/OL23797W
The Man Who Was Thursday,Gilbert Keith Chesterton,1908,1105,Mystery,/works/OL76487W
The Mysterious Affair at Styles,Agatha Christie,1920,1091,Mystery,/works/OL472715W
The Secret Adversary,Agatha Christie,1922,800,Mystery,/works/OL471789W
The mystery of Edwin Drood,Charles Dickens,1870,598,Mystery,/works/OL8763148W
His Last Bow [8 stories],Arthur Conan Doyle,1917,583,Mystery,/works/OL262452W
Greenmantle,John Buchan,1915,521,Mystery,/works/OL76501W
Basil,Wilkie Collins,1852,417,Mystery,/works/OL176086W
The Law and the Lady,Wilkie Collins,1875,384,Mystery,/works/OL176081W
Trent's Last Case,E. C. Bentley,1900,356,Mystery,/works/OL1315930W
Prester John,John Buchan,1900,339,Mystery,/works/OL76595W
Whose Body?,Dorothy L. Sayers,1923,319,Mystery,/works/OL2234917W
The Black Robe,Wilkie Collins,1881,303,Mystery,/works/OL176068W
Murder on the Links,Agatha Christie,1923,272,Mystery,/works/OL472073W
Armadale,Wilkie Collins,1866,261,Mystery,/works/OL176085W
Fifty Candles,Earl Derr Biggers,1926,258,Mystery,/works/OL6438811W
The Angel of Terror,Edgar Wallace,1923,254,Mystery,/works/OL1518053W
Murder on the Orient Express,Agatha Christie,1933,247,Mystery,/works/OL471576W
No name,Wilkie Collins,1862,236,Mystery,/works/OL176090W
The Amateur Cracksman,E. W. Hornung,1899,223,Mystery,/works/OL250352W
The Murder of Roger Ackroyd,Agatha Christie,1926,220,Mystery,/works/OL471932W
The After House,Mary Roberts Rinehart,1914,203,Mystery,/works/OL137397W
The Da Vinci Code,Dan Brown,2003,203,Mystery,/works/OL76837W
The Man in the Brown Suit,Agatha Christie,1924,201,Mystery,/works/OL472549W
The legacy of Cain,Wilkie Collins,1859,187,Mystery,/works/OL176076W
The Circular Staircase,Mary Roberts Rinehart,1908,182,Mystery,/works/OL137396W
The Paradise Mystery,Joseph Smith Fletcher,1920,174,Mystery,/works/OL1797752W
Tales of Terror and Mystery,Arthur Conan Doyle,1963,168,Mystery,/works/OL262586W
The dead secret,Wilkie Collins,1857,167,Mystery,/works/OL176087W
The Lodger,Marie Belloc Lowndes,1913,163,Mystery,/works/OL1172118W
R. Holmes & Co.,John Kendrick Bangs,1906,156,Mystery,/works/OL1868679W
L'affaire Lerouge,Émile Gaboriau,1800,148,Mystery,/works/OL1546094W
The A.B.C. Murders,Agatha Christie,1936,142,Mystery,/works/OL471509W
The Queen of Hearts,Wilkie Collins,1859,141,Mystery,/works/OL176073W
4:50 from Paddington,Agatha Christie,1957,140,Mystery,/works/OL471500W
The daffodil murder,Edgar Wallace,1921,137,Mystery,/works/OL1517945W
The Mysterious Key And What It Opened,Louisa May Alcott,2004,129,Mystery,/works/OL30040W
Dead Men Tell No Tales,E. W. Hornung,1899,128,Mystery,/works/OL250350W
The Body in the Library,Agatha Christie,1942,127,Mystery,/works/OL471610W
The Murder at the Vicarage,Agatha Christie,1930,127,Mystery,/works/OL471895W
The Guilty River,Wilkie Collins,1886,126,Mystery,/works/OL176066W
The Mirror Crack'd from Side to Side,Agatha Christie,1960,126,Mystery,/works/OL471990W
A Murder Is Announced,Agatha Christie,1950,126,Mystery,/works/OL471771W
The Big Four,Agatha Christie,1927,121,Mystery,/works/OL471947W
The Secret of Chimneys,Agatha Christie,1925,121,Mystery,/works/OL472542W
Evil Under the Sun,Agatha Christie,1941,120,Mystery,/works/OL472049W
The house by the church-yard,Sheridan Le Fanu,1863,118,Mystery,/works/OL2895540W
Sleeping Murder,Agatha Christie,1940,117,Mystery,/works/OL472250W
The Moving Finger,Agatha Christie,1942,115,Mystery,/works/OL471905W
The Talleyrand Maxim,Joseph Smith Fletcher,1920,115,Mystery,/works/OL1797757W
The Dead Alive,Wilkie Collins,1874,114,Mystery,/works/OL176060W
They Do It with Mirrors,Agatha Christie,1952,114,Mystery,/works/OL471871W
After the Funeral,Agatha Christie,1953,114,Mystery,/works/OL471943W
At Bertram's Hotel,Agatha Christie,1965,114,Mystery,/works/OL265415W
Crooked House,Agatha Christie,1949,113,Mystery,/works/OL471891W
Lord Edgware Dies,Agatha Christie,1933,113,Mystery,/works/OL471767W
Curtain,Agatha Christie,1975,112,Mystery,/works/OL472470W
Appointment with Death,Agatha Christie,1938,111,Mystery,/works/OL471667W
Peril at End House,Agatha Christie,1932,111,Mystery,/works/OL472165W
Five Little Pigs,Agatha Christie,1942,110,Mystery,/works/OL471666W
Elephants Can Remember,Agatha Christie,1969,110,Mystery,/works/OL471776W
Hercule Poirot's Christmas,Agatha Christie,1939,110,Mystery,/works/OL471841W
"At the Villa Rose, in Four acts",A. E. W. Mason,1900,108,Mystery,/works/OL532399W
Murder in Mesopotamia,Agatha Christie,1936,108,Mystery,/works/OL472572W
The Curious Incident of the Dog in the Night-Time,Mark Haddon,2002,108,Mystery,/works/OL2965102W
"I Say No Or, The Love-Letter Answered And Other Stories",Wilkie Collins,1800,107,Mystery,/works/OL176023W
Cards on the Table,Agatha Christie,1936,107,Mystery,/works/OL471637W
The Hollow,Agatha Christie,1946,107,Mystery,/works/OL472526W
Death in the Clouds,Agatha Christie,1935,107,Mystery,/works/OL472324W
A Caribbean Mystery,Agatha Christie,1964,107,Mystery,/works/OL472458W
The Franchise Affair (Inspector Alan Grant #3),Josephine Tey,1948,105,Mystery,/works/OL80946W
"One, Two, Buckle My Shoe",Agatha Christie,1940,104,Mystery,/works/OL471702W
The Evil Genius. A Domestis Story,Wilkie Collins,1800,103,Mystery,/works/OL176021W
Murder in Three Acts,Agatha Christie,1934,103,Mystery,/works/OL471765W
Nemesis,Agatha Christie,1970,103,Mystery,/works/OL472594W
Hallowe'en Party,Agatha Christie,1969,100,Mystery,/works/OL471832W
The Frozen Deep,Wilkie Collins,1800,99,Mystery,/works/OL176074W
The Clocks,Agatha Christie,1963,99,Mystery,/works/OL471670W
Third Girl,Agatha Christie,1966,99,Mystery,/works/OL472536W
The Four Pools Mystery,Jean Webster,1908,98,Mystery,/works/OL4322161W
Jezebel's Daughter,Wilkie Collins,1880,98,Mystery,/works/OL176075W
Dumb Witness,Agatha Christie,1937,97,Mystery,/works/OL472189W
Cat Among the Pigeons,Agatha Christie,1959,96,Mystery,/works/OL471641W
They Came to Baghdad,Agatha Christie,1951,95,Mystery,/works/OL472215W
The Bobbsey Twins,Laura Lee Hope,1904,94,Mystery,/works/OL4072567W
The Firm,John Grisham,1991,94,Mystery,/works/OL76972W
The Thirteen Problems,Agatha Christie,1932,93,Mystery,/works/OL471921W
The Seven Dials Mystery,Agatha Christie,1920,91,Mystery,/works/OL471784W
The Green Mile,Stephen King,1996,91,Mystery,/works/OL81629W
Ἰλιάς,Όμηρος,1505,1084,Adventure,/works/OL61981W
The Prisoner of Zenda,Anthony Hope,1800,627,Adventure,/works/OL245401W
The Coral Island,Robert Michael Ballantyne,1858,473,Adventure,/works/OL2319934W
Cleopatra,H. Rider Haggard,1881,359,Adventure,/works/OL17531W
"Le vicomte de Bragelonne, ou, dix ans plus tard",Alexandre Dumas,1848,356,Adventure,/works/OL36738W
Kidnapped,Robert Louis Stevenson,1886,352,Adventure,/works/OL24166W
Huntingtower,John Buchan,1910,293,Adventure,/works/OL76597W
David Balfour,Robert Louis Stevenson,1883,280,Adventure,/works/OL24163W
"Tom Sawyer, Detective",Mark Twain,1897,276,Adventure,/works/OL54147W
Vingt ans apres̀,Alexandre Dumas,1800,268,Adventure,/works/OL36462W
The Old Man in the Corner,Emma Orczy,1908,215,Adventure,/works/OL1253282W
The master of Ballantrae,Robert Louis Stevenson,1888,205,Adventure,/works/OL24164W
The three hostages,John Buchan,1924,204,Adventure,/works/OL76591W
The Sea-Hawk,Rafael Sabatini,1900,201,Adventure,/works/OL8070951W
Lord of the Flies,William Golding,1954,191,Adventure,/works/OL455327W
Tarzan the Untamed (Book #7),Edgar Rice Burroughs,1920,178,Adventure,/works/OL1418112W
The Four Just Men,Edgar Wallace,1905,177,Adventure,/works/OL1517879W
Room 13,Edgar Wallace,1920,171,Adventure,/works/OL1517919W
Tarzan the Terrible (#8),Edgar Rice Burroughs,1921,158,Adventure,/works/OL1418108W
Tarzan and the Jewels of Opar,Edgar Rice Burroughs,1916,135,Adventure,/works/OL1418248W
The door with seven locks,Edgar Wallace,1926,119,Adventure,/works/OL1517869W
The black gang,H. C. McNeile,1922,115,Adventure,/works/OL241903W
The avenger,Edgar Wallace,1924,109,Adventure,/works/OL1518031W
Bulldog Drummond,H. C. McNeile,1919,101,Adventure,/works/OL241909W
The Boy in the Striped Pyjamas,John Boyne,2006,98,Adventure,/works/OL5840870W
"The nigger of the ""Narcissus""",Joseph Conrad,1897,93,Adventure,/works/OL38815W
The Council of Justice,Edgar Wallace,1920,91,Adventure,/works/OL1518049W
The Magic Walking-Stick,John Buchan,1932,90,Adventure,/works/OL76561W
The Boxcar Children,Gertrude Chandler Warner,1924,87,Adventure,/works/OL24656586W
Five on a Treasure Island,Enid Blyton,1942,85,Adventure,/works/OL1948704W
The Road,Cormac McCarthy,2006,84,Adventure,/works/OL40873W
Novels (The Call of the Wild / White Fang),Jack London,1962,82,Adventure,/works/OL144709W
Winnetou,Karl May,1893,80,Adventure,/works/OL83012W
The secret house,Edgar Wallace,1919,78,Adventure,/works/OL1517998W
The just men of Cordova,Edgar Wallace,1917,76,Adventure,/works/OL1517988W
The Name of the Wind,Patrick Rothfuss,2007,76,Adventure,/works/OL8479867W
Bulldog Drummond at bay,H. C. McNeile,1935,71,Adventure,/works/OL92777W
The Odessa file,Frederick Forsyth,1842,71,Adventure,/works/OL15411113W
The Man Who Knew,Edgar Wallace,1918,70,Adventure,/works/OL1518038W
The Mind Of Mr J Reeder,Edgar Wallace,1925,67,Adventure,/works/OL1517904W
Blue Hand,Edgar Wallace,1923,67,Adventure,/works/OL1517852W
Tarzan the Invincible,Edgar Rice Burroughs,1931,66,Adventure,/works/OL1418089W
The Phantom Tollbooth,Norton Juster,1961,64,Adventure,/works/OL1636262W
Terror Keep,Edgar Wallace,1927,59,Adventure,/works/OL1518029W
The Son of Tarzan,Edgar Rice Burroughs,1915,59,Adventure,/works/OL1418250W
Caddie Woodlawn,Carol Ryrie Brink,1935,56,Adventure,/works/OL265984W
The clue of the new pin,Edgar Wallace,1923,56,Adventure,/works/OL1518047W
The Lost Hero,Rick Riordan,2010,52,Adventure,/works/OL15401200W
Wizard's First Rule,Terry Goodkind,1994,52,Adventure,/works/OL2010436W
The Law of The Four Just Men,Edgar Wallace,1931,51,Adventure,/works/OL1517886W
Eaters of the Dead,Michael Crichton,1976,50,Adventure,/works/OL46873W
El Amo Del Juego/Masters of the Game,Sidney Sheldon,1905,50,Adventure,/works/OL1881658W
Sir Percy hits back,Emma Orczy,1927,49,Adventure,/works/OL8125148W
The Killer Angels,Michael Shaara,1974,49,Adventure,/works/OL82664W
Congo,Michael Crichton,1980,49,Adventure,/works/OL46913W
A Dance With Dragons,George R. R. Martin,2008,49,Adventure,/works/OL1955906W
The three just men,Edgar Wallace,1929,47,Adventure,/works/OL1518003W
Haroun and the Sea of Stories,Salman Rushdie,1990,46,Adventure,/works/OL457172W
Kometen kommer (Kometjakten),Tove Jansson,1946,44,Adventure,/works/OL2195985W
My Name is Aram,William Saroyan,1937,44,Adventure,/works/OL1442072W
The Final Empire,Brandon Sanderson,2001,44,Adventure,/works/OL5738148W
The Defiant Agents,Andre Norton,1962,43,Adventure,/works/OL473243W
The Wolves of Willoughby Chase (Wolves #1),Joan Aiken,1911,41,Adventure,/works/OL262048W
Floodtide,Frank Yerby,1950,40,Adventure,/works/OL4906729W
Ready Player One,Ernest Cline,2008,40,Adventure,/works/OL15936512W
The final count,H. C. McNeile,1926,39,Adventure,/works/OL241906W
Dragonsong,Anne McCaffrey,1976,39,Adventure,/works/OL73385W
Claudius Bombarnac,Jules Verne,1892,39,Adventure,/works/OL1099309W
Bulldog Drummond strikes back,H. C. McNeile,1933,38,Adventure,/works/OL92781W
The Loving Spirit,Daphne du Maurier,1931,38,Adventure,/works/OL36622W
The Mayor of Casterbridge,Thomas Hardy,1800,676,Horror,/works/OL8193406W
Herland,Charlotte Perkins Gilman,1915,627,Horror,/works/OL2771987W
Bram Stoker's Dracula omnibus,Bram Stoker,1897,598,Horror,/works/OL85875W
Carmilla,Sheridan Le Fanu,1871,571,Horror,/works/OL2895536W
The Turn of the Screw,Henry James,1898,563,Horror,/works/OL276386W
The Great God Pan,Arthur Machen,1894,431,Horror,/works/OL3388961W
Dracula's Guest and Other Weird Stories,Bram Stoker,1937,387,Horror,/works/OL85889W
The White People,Arthur Machen,2004,247,Horror,/works/OL3388994W
The Fall of the House of Usher,Edgar Allan Poe,1704,237,Horror,/works/OL41078W
"Dracula's guest, and other weird stories",Bram Stoker,1914,171,Horror,/works/OL85864W
The Vampyre,John William Polidori,1819,149,Horror,/works/OL3625242W
Tales of the Grotesque and Arabesque,Edgar Allan Poe,1840,146,Horror,/works/OL41041W
Carrie,Stephen King,1974,118,Horror,/works/OL81626W
The Damned,Algernon Blackwood,2002,106,Horror,/works/OL2700643W
Misery,Stephen King,1978,99,Horror,/works/OL81634W
The Shining,Stephen King,1977,97,Horror,/works/OL81633W
It,Stephen King,1986,95,Horror,/works/OL81613W
Pet Sematary,Stephen King,1983,92,Horror,/works/OL81631W
In the Midst of Life. Tales of Civilians,Ambrose Bierce,1891,86,Horror,/works/OL7973293W
The Masque of the Red Death,Edgar Allan Poe,1922,85,Horror,/works/OL41050W
The Stand,Stephen King,1978,85,Horror,/works/OL81618W
Cujo,Stephen King,1981,81,Horror,/works/OL81610W
Firestarter,Stephen King,1980,78,Horror,/works/OL81623W
The Exorcist,William Peter Blatty,1971,77,Horror,/works/OL927199W
"The Haunted and the Haunters, Or, The House and the Brain","Edward Bulwer Lytton, Baron Lytton",1800,73,Horror,/works/OL8088702W
Skeleton crew,Stephen King,1985,73,Horror,/works/OL81627W
The Tell-Tale Heart,Edgar Allan Poe,1958,71,Horror,/works/OL41059W
Needful Things,Stephen King,1991,67,Horror,/works/OL81607W
The talisman,Stephen King,1925,66,Horror,/works/OL81599W
Night Shift,Stephen King,1960,65,Horror,/works/OL81608W
The Eyes of the Dragon,Stephen King,1959,65,Horror,/works/OL81602W
Christine,Stephen King,1983,64,Horror,/works/OL81619W
Four Past Midnight,Stephen King,1990,64,Horror,/works/OL81606W
The Day of the Triffids,John Wyndham,1951,63,Horror,/works/OL1911336W
Thinner,Stephen King,1984,62,Horror,/works/OL149210W
The Dark Half,Stephen King,1989,61,Horror,/works/OL81620W
Cell,Stephen King,2006,61,Horror,/works/OL81597W
Different Seasons,Stephen King,1982,61,Horror,/works/OL81621W
Something Wicked This Way Comes,Ray Bradbury,1962,60,Horror,/works/OL103194W
Everything's Eventual. 14 Dark Tales,Stephen King,2002,60,Horror,/works/OL81584W
Petals on the Wind,V.C. Andrews,1980,60,Horror,/works/OL134890W
A thin ghost and others,Montague Rhodes James,1919,59,Horror,/works/OL707922W
Insomnia,Stephen King,1994,58,Horror,/works/OL81603W
Rose Madder,Stephen King,1995,57,Horror,/works/OL81614W
Gerald's Game,Stephen King,1992,56,Horror,/works/OL81617W
Hearts in Atlantis,Stephen King,1998,55,Horror,/works/OL81624W
From a Buick 8,Stephen King,2002,55,Horror,/works/OL81586W
Desperation,Stephen King,1996,55,Horror,/works/OL81611W
The Queen of the Damned,Anne Rice,1988,55,Horror,/works/OL77828W
The Regulators,Stephen King,1996,55,Horror,/works/OL2794726W
Lisey's Story,Stephen King,2006,53,Horror,/works/OL81589W
If There Be Thorns,V.C. Andrews,1981,52,Horror,/works/OL134891W
Dolores Claiborne,Stephen King,1992,51,Horror,/works/OL81622W
Can Such Things Be? [24 stories],Ambrose Bierce,1924,51,Horror,/works/OL7973356W
The Works of Edgar Allan Poe in Five Volumes,Edgar Allan Poe,1903,50,Horror,/works/OL273463W
The Human Chord,Algernon Blackwood,1910,49,Horror,/works/OL2700649W
Danse Macabre,Stephen King,1980,48,Horror,/works/OL81605W
Mr. Mercedes,Stephen King,2013,47,Horror,/works/OL16820059W
The Passage,Justin Cronin,2010,47,Horror,/works/OL15168588W
World War Z,Max Brooks,2006,46,Horror,/works/OL5969057W
The Premature Burial,Edgar Allan Poe,2013,45,Horror,/works/OL24583029W
Present at a Hanging and Other Ghost Stories,Ambrose Bierce,1913,44,Horror,/works/OL7973306W
The return,Walter De la Mare,1910,43,Horror,/works/OL1098497W
Great Short Stories of the World -- a collection of complete short stories chosen from the literatures of all periods and countries,Barrett Harper Clark,1922,43,Horror,/works/OL1191826W
The House on the Borderland,William Hope Hodgson,1946,43,Horror,/works/OL810402W
In a glass darkly,Sheridan Le Fanu,1872,41,Horror,/works/OL2895538W
Just After Sunset,Stephen King,2008,40,Horror,/works/OL81588W
The Graveyard Book,Neil Gaiman,2008,40,Horror,/works/OL679348W
"Full Dark, No Stars",Stephen King,2010,40,Horror,/works/OL15374110W
The Terror,Dan Simmons,2007,39,Horror,/works/OL1963316W
Nightmares & Dreamscapes,Stephen King,1993,39,Horror,/works/OL81604W
The Long Walk,Stephen King,1979,39,Horror,/works/OL9973101W
Welcome to Dead House,Robert Lawrence Stine,1992,39,Horror,/works/OL72352W
Fallen Hearts,V.C. Andrews,1988,38,Horror,/works/OL260475W
The Voice of the Night,Dean Koontz,1980,38,Horror,/works/OL263277W
Lasher,Anne Rice,1993,38,Horror,/works/OL77829W
My Sweet Audrina,V.C. Andrews,1982,37,Horror,/works/OL134893W
Blood and Gold,Anne Rice,1998,36,Horror,/works/OL77795W
Darkness Comes,Dean Koontz,1984,35,Horror,/works/OL263267W
Roadwork,Stephen King,1981,34,Horror,/works/OL149102W
Scary stories to tell in the dark,Alvin Schwartz,1981,32,Horror,/works/OL268379W
Kentukis,Samanta Schweblin,2014,31,Horror,/works/OL20760166W
Blackwood Farm,Anne Rice,1998,31,Horror,/works/OL77819W
The Outsider,Stephen King,2018,30,Horror,/works/OL17937105W
The Ghost Next Door,Robert Lawrence Stine,1993,30,Horror,/works/OL72274W
A Fine and Private Place,Peter S. Beagle,1960,29,Horror,/works/OL26458W
The Institute,Stephen King,2019,28,Horror,/works/OL20126932W
Scary Stories 3,Alvin Schwartz,1991,28,Horror,/works/OL273689W
Mrs. March,Virginia Feito,2021,28,Horror,/works/OL24212743W
Little men,Louisa May Alcott,1885,517,Children,/works/OL17761452W
The Yellow Fairy Book,Andrew Lang,1894,458,Children,/works/OL1088888W
The Pathfinder,James Fenimore Cooper,1800,427,Children,/works/OL78009W
Tanglewood Tales,Nathaniel Hawthorne,1853,418,Children,/works/OL455476W
The Night Before Christmas,Clement Clarke Moore,1857,389,Children,/works/OL655908W
Tom Sawyer Abroad,Mark Twain,1894,333,Children,/works/OL413674W
Little Lord Fauntleroy,Frances Hodgson Burnett,1886,332,Children,/works/OL69625W
Dream days,Kenneth Grahame,1898,303,Children,/works/OL69601W
Het Achterhuis,Anne Frank,1944,293,Children,/works/OL266178W
What Katy Did,Susan Coolidge,1873,286,Children,/works/OL5114586W
Rose in Bloom,Louisa May Alcott,1876,257,Children,/works/OL30020W
Tales from Shakespeare [20 tales],Charles Lamb,1800,255,Children,/works/OL44841W
"[William Wheeler Hubbell, authorized to apply for patents.]",United States. Congress. Senate. Committee on Patents,1858,240,Children,/works/OL7574091W
American notes,Charles Dickens,1800,233,Children,/works/OL8300173W
Otto of the Silver Hand,Howard Pyle,1888,226,Children,/works/OL2021957W
Jack and Jill,Louisa May Alcott,1880,208,Children,/works/OL30033W
Domestic medicine,William Buchan M.D.,1769,202,Children,/works/OL3715685W
Heidi,"Spyri, Johanna",1885,180,Children,/works/OL1455042W
"The wide, wide world",Susan Warner,1850,163,Children,/works/OL4874217W
The gorilla hunters,Robert Michael Ballantyne,1858,150,Children,/works/OL2320091W
Matilda,Roald Dahl,1988,149,Children,/works/OL45846W
Queer Little Folks,Harriet Beecher Stowe,1886,145,Children,/works/OL152211W
The Pearl,John Steinbeck,1945,143,Children,/works/OL7966118W
The Pied Piper of Hamelin,Robert Browning,1888,140,Children,/works/OL284393W
Little House on the Prairie,Laura Ingalls Wilder,1935,130,Children,/works/OL1719792W
The Madman and the Pirate,Robert Michael Ballantyne,1883,127,Children,/works/OL2320021W
A Tangled Tale,Lewis Carroll,1881,126,Children,/works/OL151445W
Gascoyne,Robert Michael Ballantyne,1800,117,Children,/works/OL2320011W
A Child's Garden of Verses,Robert Louis Stevenson,1885,115,Children,/works/OL24165W
Clover,Susan Coolidge,1888,113,Children,/works/OL5114614W
Sartor resartus,Thomas Carlyle,1800,113,Children,/works/OL1064699W
Black Beauty,Anna Sewell,1877,107,Children,/works/OL15854658W
A Dog of Flanders,Ouida,1800,105,Children,/works/OL2339940W
Constitución política (1917),Mexico.,1917,104,Children,/works/OL569770W
The misfortunes of Sophy,"Sophie, comtesse de Ségur",1871,103,Children,/works/OL1546012W
Bridge to Terabithia,Katherine Paterson,1972,103,Children,/works/OL27079W
Angela's Ashes,Frank McCourt,1996,101,Children,/works/OL27634W
The Twits,Roald Dahl,1967,101,Children,/works/OL45884W
George's Marvelous Medicine,Roald Dahl,1981,99,Children,/works/OL45866W
Kitty's Class Day and Other Stories,Louisa May Alcott,1868,93,Children,/works/OL30045W
Artemis Fowl,Eoin Colfer,1999,93,Children,/works/OL5725956W
Nine little goslings,Susan Coolidge,1875,90,Children,/works/OL5114611W
Parables from nature,Margaret Gatty,1855,90,Children,/works/OL6022487W
The World Almanac for Kids,Judith S. Levey,1995,89,Children,/works/OL2688199W
Foreign assistance,United States. General Accounting Office,1989,89,Children,/works/OL565225W
Coming of age in Samoa,Margaret Mead,1924,89,Children,/works/OL73787W
The Illustrated Man,Ray Bradbury,1951,82,Children,/works/OL103128W
Spinning-wheel stories,Louisa May Alcott,1884,82,Children,/works/OL30046W
Aunt Jo's scrap-bag,Louisa May Alcott,1871,81,Children,/works/OL30067W
Queechy,Susan Warner,1800,79,Children,/works/OL4874214W
The children of the abbey,Regina Maria Roche,1797,78,Children,/works/OL5840660W
Five Little Peppers Abroad,Margaret Sidney,1902,77,Children,/works/OL1528827W
Flowers in the Attic,V.C. Andrews,1979,73,Children,/works/OL134834W
Token for children,James Janeway,1636,73,Children,/works/OL1671947W
All the Light We Cannot See,Anthony Doerr,2014,72,Children,/works/OL16821606W
The care and feeding of children,"Holt, L. Emmett",1894,72,Children,/works/OL15230140W
"Ramona Quimby, Age 8",Beverly Cleary,1981,70,Children,/works/OL151947W
L'ami des enfans,Arnaud Berquin,1783,70,Children,/works/OL4518524W
Cat's Eye,Margaret Atwood,1988,69,Children,/works/OL675713W
The Nine Tailors,Dorothy L. Sayers,1934,69,Children,/works/OL2234946W
A Great Emergency and Other Tales,Juliana Horatia Gatty Ewing,1886,67,Children,/works/OL1795293W
Le chat botté,Charles Perrault,1865,66,Children,/works/OL23867W
Grammatical institute of the English language. Part 1,Noah Webster,1788,65,Children,/works/OL15333890W
Lost in the fog,James De Mille,1870,64,Children,/works/OL96164W
Growing up in New Guinea,Margaret Mead,1930,64,Children,/works/OL73788W
My Sister's Keeper,Jodi Picoult,2004,63,Children,/works/OL891923W
Artemis Fowl and the Eternity Code,Eoin Colfer,2003,63,Children,/works/OL5725961W
When we were very young,A. A. Milne,1924,63,Children,/works/OL476630W
Walden,Henry David Thoreau,1854,1139,Biography,/works/OL55649W
Dubliners,James Joyce,1914,996,Biography,/works/OL86320W
Captains Courageous,Rudyard Kipling,1896,990,Biography,/works/OL19842W
The Canterbury Tales,Geoffrey Chaucer,1478,722,Biography,/works/OL531767W
The Pilgrim's Progress,John Bunyan,1678,683,Biography,/works/OL107195W
Sonnets,William Shakespeare,1609,646,Biography,/works/OL362706W
The Second Jungle Book,Rudyard Kipling,1887,611,Biography,/works/OL19926W
The Tenant of Wildfell Hall,Anne Brontë,1847,558,Biography,/works/OL260101W
My bondage and my freedom,Frederick Douglass,1815,509,Biography,/works/OL69179W
Metamorphoses,Ovid,1479,501,Biography,/works/OL15292640W
At the Back of the North Wind,George MacDonald,1871,496,Biography,/works/OL15451W
Lilith,George MacDonald,1895,480,Biography,/works/OL15437W
A history of New York,Washington Irving,1800,472,Biography,/works/OL63871W
The  man who would be king,Rudyard Kipling,1898,460,Biography,/works/OL20112W
Manifest der Kommunistischen Partei,Karl Marx,1848,459,Biography,/works/OL629052W
Quo Vadis? Powieść z czasów Nerona,Henryk Sienkiewicz,1895,453,Biography,/works/OL503424W
Confessions,Augustine of Hippo,1482,449,Biography,/works/OL137872W
Up from Slavery,Booker T. Washington,1900,430,Biography,/works/OL357501W
Roughing It,Mark Twain,1872,408,Biography,/works/OL54059W
Paradise Lost,John Milton,1667,396,Biography,/works/OL810991W
Incidents in the Life of a Slave Girl,Harriet A. Jacobs,1861,386,Biography,/works/OL28623W
Der Antichrist,Friedrich Nietzsche,1895,385,Biography,/works/OL15692719W
Two years before the mast,Richard Henry Dana,1000,369,Biography,/works/OL1815550W
Les fleurs du mal,Charles Baudelaire,1855,363,Biography,/works/OL1158921W
Lord Jim,Joseph Conrad,1900,344,Biography,/works/OL38684W
Erewhon,Samuel Butler,1700,338,Biography,/works/OL22364W
Lives,Plutarch,1564,323,Biography,/works/OL2521179W
The Magician,William Somerset Maugham,1908,313,Biography,/works/OL505730W
Cyrano de Bergerac,Edmond Rostand,1821,309,Biography,/works/OL551668W
"The life of Olaudah Equiano, or Gustavus Vassa, the African",Olaudah Equiano,1789,298,Biography,/works/OL743333W
Sailing alone around the world,Joshua Slocum,1800,297,Biography,/works/OL59979W
The complete poetical works,Robert Burns,1786,293,Biography,/works/OL766052W
Acres of diamonds,Russell Herman Conwell,1901,275,Biography,/works/OL3920712W
"Maria; or, The Wrongs of Woman",Mary Wollstonecraft,1799,265,Biography,/works/OL849217W
Civil Disobedience,Henry David Thoreau,1800,261,Biography,/works/OL55631W
Plays (36),William Shakespeare,1623,256,Biography,/works/OL362289W
Ἀνάβασις,Xenophon,1623,252,Biography,/works/OL687015W
Captivity and Restoration,Mary White Rowlandson,1682,250,Biography,/works/OL239849W
"The History of Rasselas, Prince of Abyssinia",Samuel Johnson,1759,249,Biography,/works/OL4558936W
The Forsyte Saga (The Man of Property / Indian Summer of a Forsyte / In Chancery / Awakening / To Let),John Galsworthy,1918,248,Biography,/works/OL878774W
The Library of American Biography,Jared Sparks,1846,245,Biography,/works/OL13087243W
Les confessions,Jean-Jacques Rousseau,1782,244,Biography,/works/OL80592W
Schachnovelle,Stefan Zweig,1943,244,Biography,/works/OL28429W
Picasso,Pablo Picasso,1926,240,Biography,/works/OL145191W
Life of Samuel Johnson,James Boswell,1776,238,Biography,/works/OL16234621W
Hospital Sketches,Louisa May Alcott,1863,237,Biography,/works/OL30060W
Gorin no sho,Miyamoto Musashi,1963,236,Biography,/works/OL3946622W
Poems,Samuel Taylor Coleridge,1796,232,Biography,/works/OL26131W
The Rise of Silas Lapham,William Dean Howells,1884,226,Biography,/works/OL69032W
"Walden, or, Life in the Woods  / On the Duty of Civil Disobedience",Henry David Thoreau,1849,217,Biography,/works/OL55661W
Typee,Herman Melville,1840,216,Biography,/works/OL102748W
Moralia,Plutarch,1500,211,Biography,/works/OL723491W
Flush,Virginia Woolf,1694,206,Biography,/works/OL39320W
Apologia pro vita sua,John Henry Newman,1860,204,Biography,/works/OL1144827W
Ben Hur,Lew Wallace,1800,201,Biography,/works/OL240210W
Poems by John Keats,John Keats,1800,200,Biography,/works/OL1455259W
A Tramp Abroad,Mark Twain,1878,197,Biography,/works/OL53918W
The Man Without a Country,Edward Everett Hale,1865,189,Biography,/works/OL2339752W
Twelve Men,Theodore Dreiser,1919,188,Biography,/works/OL100234W
"Margaret Ogilvy, and others",J. M. Barrie,1896,186,Biography,/works/OL461995W
Mein Kampf,Adolf Hitler,1922,185,Biography,/works/OL1067314W
Autobiography of a Yogi,Yogananda Paramahansa,1946,183,Biography,/works/OL528094W
A Farewell to Arms,Ernest Hemingway,1929,181,Biography,/works/OL63072W
The education of Henry Adams,Henry Adams,1777,181,Biography,/works/OL24220W
The Poetical Works of John Dryden,John Dryden,1777,177,Biography,/works/OL284349W
Robert Browning,Gilbert Keith Chesterton,1903,176,Biography,/works/OL76454W
The old wives' tale,Arnold Bennett,1900,171,Biography,/works/OL109236W
Homage to Catalonia,George Orwell,1938,169,Biography,/works/OL1168169W
L' Orlando furioso,Lodovico Ariosto,1545,167,Biography,/works/OL2899874W
My life and work,"Ford, Henry",1922,166,Biography,/works/OL4418043W
Diary,Samuel Pepys,1825,166,Biography,/works/OL193961W
Das Schloß,Franz Kafka,1926,166,Biography,/works/OL498434W
The Romany Rye,George Henry Borrow,1800,164,Biography,/works/OL244675W
Dei delitte e delle pene,Cesare Beccaria,1764,164,Biography,/works/OL1223677W
The Bible in Spain,George Henry Borrow,1842,163,Biography,/works/OL244674W
Mademoiselle Fifi,Guy de Maupassant,1882,162,Biography,/works/OL93833W
The Hudson Bay Company,Robert Michael Ballantyne,1848,161,Biography,/works/OL2319947W
As You Like It,William Shakespeare,1734,467,Love,/works/OL362698W
The Importance of Being Earnest,Oscar Wilde,1893,455,Love,/works/OL27776452W
Chronicles of Avonlea,Lucy Maud Montgomery,1912,381,Love,/works/OL77788W
कामसूत्र,Vatsyāyana,1883,381,Love,/works/OL239940W
Συμπόσιον,Plato,1559,351,Love,/works/OL51815W
Vita nuova,Dante Alighieri,1829,231,Love,/works/OL93228W
Lolita,Vladimir Nabokov,1777,229,Love,/works/OL627084W
Γοργίας,Plato,1827,224,Love,/works/OL51785W
"Works [37 plays, 6 poems, sonnets]",William Shakespeare,1730,213,Love,/works/OL259028W
Чайка,Антон Павлович Чехов,1915,208,Love,/works/OL55403W
Rebecca,Daphne du Maurier,1938,200,Love,/works/OL36633W
Ars Amatoria,Ovid,1494,199,Love,/works/OL97725W
Bracebridge Hall,Washington Irving,1800,166,Love,/works/OL63915W
Mémoires d'Hadrien,Marguerite Yourcenar,1951,153,Love,/works/OL106837W
Μένων,Plato,1869,150,Love,/works/OL51940W
Letters to a young poet,Rainer Maria Rilke,1656,144,Love,/works/OL3800761W
Romeo and Juliet (adaptation),William Shakespeare,1748,139,Love,/works/OL2694991W
الروض العاطر في نزهة الخاطر,ʻUmar ibn Muḥammad Nafzāwī,1886,139,Love,/works/OL905626W
Φαῖδρος,Plato,1792,138,Love,/works/OL51816W
Guess How Much I Love You,Sam McBratney,1994,129,Love,/works/OL58402W
Psychopathia sexualis,Richard von Krafft-Ebing,1886,122,Love,/works/OL15822096W
The Quiet American,Graham Greene,1940,117,Love,/works/OL106081W
Hernani,Victor Hugo,1830,116,Love,/works/OL1064116W
La casa de los espíritus,Isabel Allende,1982,116,Love,/works/OL1905255W
Das Parfum,Patrick Süskind,1985,106,Love,/works/OL10834W
"Annonce Faite a Marie, L'",Paul Claudel,1912,106,Love,/works/OL1098844W
East of Eden,John Steinbeck,1952,104,Love,/works/OL23166W
The Art of Loving,Erich Fromm,1956,101,Love,/works/OL1184991W
Libro de buen amor,Juan Ruiz,1900,99,Love,/works/OL3650890W
Vies des dames galantes,"Pierre de Bourdeille, seigneur de Brantôme",1722,96,Love,/works/OL2100998W
Stepping heavenward,Elizabeth Prentiss,1869,92,Love,/works/OL811123W
Como agua para chocolate,Laura Esquivel,1989,82,Love,/works/OL953162W
Nesnesitelná lehkost bytí,Milan Kundera,1984,81,Love,/works/OL8972751W
Introduction à la vie dévote,Francis de Sales,1662,67,Love,/works/OL1140014W
De l'amour,Stendhal,1800,66,Love,/works/OL733306W
Insurgent,Veronica Roth,2011,64,Love,/works/OL16325201W
The Little Tin Soldier,Hans Christian Andersen,1900,63,Love,/works/OL25423W
Bodas de sangre,Federico García Lorca,1935,61,Love,/works/OL10342794W
Allegiant,Veronica Roth,2011,60,Love,/works/OL16808471W
Five Little Peppers Grown Up,Margaret Sidney,1892,60,Love,/works/OL1528826W
The postman always rings twice,James M. Cain,1934,59,Love,/works/OL3480719W
Romance,Joseph Conrad,1900,58,Love,/works/OL39059W
A severed head,Iris Murdoch,1961,57,Love,/works/OL1326348W
The greatest thing in the world,Henry Drummond,1890,56,Love,/works/OL8379727W
Catullus,Gaius Valerius Catullus,1554,55,Love,/works/OL15229223W
Wicked,Gregory Maguire,1995,54,Love,/works/OL66218W
Ramona,Helen Hunt Jackson,1884,54,Love,/works/OL1800220W
Enten-eller,Søren Kierkegaard,1843,51,Love,/works/OL112738W
Enneads,Plotinus,1914,51,Love,/works/OL67087W
"Can't You Sleep, Little Bear?",Martin Waddell,1988,51,Love,/works/OL114207W
Love's coming-of-age,Edward Carpenter,1896,50,Love,/works/OL1041147W
Virginibus puerisque,Robert Louis Stevenson,1881,49,Love,/works/OL24159W
Del amor y otros demonios,Gabriel García Márquez,1994,49,Love,/works/OL468850W
A Girl of the Limberlost,Gene Stratton-Porter,1909,48,Love,/works/OL42384W
Stargirl,Jerry Spinelli,2000,47,Love,/works/OL77100W
Estudios sobre el amor,José Ortega y Gasset,1939,47,Love,/works/OL504343W
Theodosius,Nathaniel Lee,1680,45,Love,/works/OL149807W
"Revelations of divine love, recorded by Julian, anchoress at Norwich, A.D. 1373",Julian of Norwich,1901,45,Love,/works/OL742115W
The Five Love Languages,Gary D. Chapman,1992,45,Love,/works/OL1680319W
Owl Babies,Martin Waddell,1975,45,Love,/works/OL114136W
H.R.H.,Danielle Steel,2006,44,Love,/works/OL19692W
Forever,Judy Blume,1957,44,Love,/works/OL1838409W
The Summer of the Swans,Betsy Cromer Byars,1970,44,Love,/works/OL279226W
Hester,Margaret Oliphant,1883,42,Love,/works/OL890472W
"A defence of poetry, by P.B. Shelley",Percy Bysshe Shelley,1890,42,Love,/works/OL14853182W
Surprised by Joy,C. S. Lewis,1955,40,Love,/works/OL71159W
En man som heter Ove,Fredrik Backman,2012,40,Love,/works/OL16793865W
Tirukkur̲aḷ,Tiruvaḷḷuvar.,1927,40,Love,/works/OL331347W
Love You Forever,Robert N. Munsch,1986,39,Love,/works/OL88707W
Cendrillon,Charles Perrault,1886,38,Love,/works/OL23868W
Hite Report Women & Love,Shere Hite,1976,37,Love,/works/OL2815101W
Born in Fire,Nora Roberts,1994,36,Love,/works/OL111532W
The Black Stallion,Walter Farley,1941,36,Love,/works/OL869965W
Denier du Reve,Marguerite Yourcenar,1934,36,Love,/works/OL106856W
The Time Traveler's Wife,Audrey Niffenegger,2003,36,Love,/works/OL4720160W
Le coup de grâce,Marguerite Yourcenar,1939,36,Love,/works/OL106854W
Immortal wife,Irving Stone,1940,35,Love,/works/OL111997W
Love,Toni Morrison,1999,35,Love,/works/OL15843891W
Red Queen,Victoria Aveyard,2015,35,Love,/works/OL17356883W
Teleny,Anonymous,1893,35,Love,/works/OL7955184W
Les Amities Particulaires,Roger Peyrefitte,1945,35,Love,/works/OL2434523W
Jazz,Toni Morrison,1992,34,Love,/works/OL50563W
The art of courtly love,Andreas Capellanus,1941,34,Love,/works/OL4810255W
The Thirty-Nine Steps,John Buchan,1915,881,Thriller,/works/OL76524W
The deerslayer,James Fenimore Cooper,1841,504,Thriller,/works/OL77950W
Mr. Standfast,John Buchan,1918,437,Thriller,/works/OL76598W
White Fang,Jack London,1905,387,Thriller,/works/OL74504W
A strange disappearance,Anna Katharine Green,1879,306,Thriller,/works/OL4885721W
The Evil Shepherd,Edward Phillips Oppenheim,1922,290,Thriller,/works/OL2681032W
A Tale of Three Lions,H. Rider Haggard,2004,215,Thriller,/works/OL17455W
The Beetle. A Mystery,Richard Marsh,1897,211,Thriller,/works/OL827304W
An American Tragedy,Theodore Dreiser,1900,210,Thriller,/works/OL100239W
Casino Royale,Ian Fleming,1953,164,Thriller,/works/OL85753W
Michel Strogoff,Jules Verne,1876,152,Thriller,/works/OL1099641W
"From Russia, with love",Ian Fleming,1957,150,Thriller,/works/OL85732W
Goldfinger,Ian Fleming,1958,144,Thriller,/works/OL85750W
In Secret,Robert W. Chambers,1919,142,Thriller,/works/OL8127199W
The Drums of Jeopardy,Harold MacGrath,1920,140,Thriller,/works/OL2344450W
Nightmare Abbey,Thomas Love Peacock,1818,140,Thriller,/works/OL2713465W
The Eye of Osiris,R. Austin Freeman,1911,136,Thriller,/works/OL13150029W
Live and let die,Ian Fleming,1954,135,Thriller,/works/OL85746W
Doctor No,Ian Fleming,1958,119,Thriller,/works/OL85736W
Diamonds are Forever,Ian Fleming,1956,117,Thriller,/works/OL85747W
Robur le conquérant,Jules Verne,1886,113,Thriller,/works/OL1099693W
The Pillars of the Earth,Ken Follett,1989,111,Thriller,/works/OL1914022W
The Spy Who Loved Me,Ian Fleming,1962,108,Thriller,/works/OL85742W
Moonraker,Ian Fleming,1955,107,Thriller,/works/OL85743W
You Only Live Twice,Ian Fleming,1964,105,Thriller,/works/OL267791W
The Man with the Golden Gun,Ian Fleming,1965,95,Thriller,/works/OL85741W
Thunderball,Ian Fleming,1961,94,Thriller,/works/OL85745W
For Your Eyes Only,Ian Fleming,1959,93,Thriller,/works/OL85748W
Le Chancellor,Jules Verne,1875,89,Thriller,/works/OL1099842W
On Her Majesty's Secret Service,Ian Fleming,1963,88,Thriller,/works/OL85744W
The Devil Doctor,Sax Rohmer,1916,84,Thriller,/works/OL2288670W
Storm Island,Ken Follett,1978,83,Thriller,/works/OL1914088W
A Time to Kill,John Grisham,1989,79,Thriller,/works/OL77001W
Män som hatar kvinnor,Stieg Larsson,2005,78,Thriller,/works/OL5784622W
The Lost World,Michael Crichton,1995,78,Thriller,/works/OL46876W
The Chamber,John Grisham,1994,75,Thriller,/works/OL77002W
The Eagle has Landed,Henry Patterson,1975,72,Thriller,/works/OL157343W
War in heaven,Charles Williams,1930,68,Thriller,/works/OL1155806W
The Rainmaker,John Grisham,1995,67,Thriller,/works/OL77021W
The Centaur,Algernon Blackwood,1911,65,Thriller,/works/OL2700650W
A Coffin for Dimitrios,Eric Ambler,1939,65,Thriller,/works/OL3297229W
Killing Floor,Lee Child,1997,64,Thriller,/works/OL24477958W
Timeline,Michael Crichton,1999,64,Thriller,/works/OL46884W
Saving Faith,David Baldacci,1999,64,Thriller,/works/OL41243W
The Hunt for Red October,Tom Clancy,1984,63,Thriller,/works/OL159452W
The Avenger,Edward Phillips Oppenheim,1908,62,Thriller,/works/OL2681027W
Jack Tier or the Florida Reef,James Fenimore Cooper,1800,61,Thriller,/works/OL78046W
Red Dragon,Thomas Harris,1981,60,Thriller,/works/OL23480W
Ante la bandera (Face au drapeau),Jules Verne,1897,60,Thriller,/works/OL1099321W
The Lincoln Lawyer (Mickey Haller #1),Michael Connelly,1895,59,Thriller,/works/OL111746W
The Malefactor,Edward Phillips Oppenheim,1906,58,Thriller,/works/OL2681041W
The Tommyknockers,Stephen King,1985,58,Thriller,/works/OL81593W
The Woods,Harlan Coben,1849,57,Thriller,/works/OL79339W
2nd Chance,James Patterson,2002,56,Thriller,/works/OL167157W
Jack & Jill,James Patterson,1714,56,Thriller,/works/OL167185W
"Homeward Bound, Or, The Chase: A Tale of the Sea",James Fenimore Cooper,1800,55,Thriller,/works/OL77956W
Predator,Patricia Cornwell,1742,55,Thriller,/works/OL134374W
The Black Dahlia,James Ellroy,1987,55,Thriller,/works/OL553754W
The Visitor,Lee Child,2000,55,Thriller,/works/OL52936W
The Man from St. Petersburg,Ken Follett,1982,54,Thriller,/works/OL15649851W
Roses Are Red,James Patterson,1752,54,Thriller,/works/OL167175W
The King of Torts,John Grisham,1999,53,Thriller,/works/OL77011W
Last Man Standing,David Baldacci,2001,53,Thriller,/works/OL41254W
The Great Secret,Edward Phillips Oppenheim,1907,53,Thriller,/works/OL2681033W
One Shot,Lee Child,2005,52,Thriller,/works/OL52953W
The Secret History,Donna Tartt,1992,52,Thriller,/works/OL4321141W
Night of the Fox,Henry Patterson,1757,51,Thriller,/works/OL157448W
The sea lions,James Fenimore Cooper,1800,51,Thriller,/works/OL78065W
Stormbreaker,Anthony Horowitz,2000,51,Thriller,/works/OL80763W
A Taste for Death,P. D. James,1986,50,Thriller,/works/OL510879W
Point Blanc,Anthony Horowitz,2001,49,Thriller,/works/OL84778W
Ὀδύσσεια,Όμηρος,1488,1064,Poetry,/works/OL61982W
Faust,Johann Wolfgang von Goethe,1800,633,Poetry,/works/OL52456W
The Prophet,Kahlil Gibran,1900,569,Poetry,/works/OL318900W
La Poetica,Aristotle,1479,498,Poetry,/works/OL151515W
Flower Fables,Louisa May Alcott,1854,448,Poetry,/works/OL30056W
Inferno,Dante Alighieri,1767,446,Poetry,/works/OL93227W
Poems,William Wordsworth,1807,372,Poetry,/works/OL26386W
Os Lusíadas,Luís de Camões,1572,367,Poetry,/works/OL848771W
Tender Buttons,Gertrude Stein,1914,365,Poetry,/works/OL35395W
Fables,Jean de La Fontaine,1678,345,Poetry,/works/OL50348W
Godfrey of Bulloigne,Torquato Tasso,1581,326,Poetry,/works/OL502943W
An essay on man,Alexander Pope,1733,315,Poetry,/works/OL79353W
Milton's Poems,John Milton,1605,292,Poetry,/works/OL810990W
Il Paradiso,Dante Alighieri,1595,291,Poetry,/works/OL93230W
The Raven,Edgar Allan Poe,1845,287,Poetry,/works/OL41081W
Ἱστορίαι,Ἡρόδοτος,1494,284,Poetry,/works/OL15678068W
Hudibras,Samuel Butler,1662,283,Poetry,/works/OL3159983W
Helen of Troy,Andrew Lang,1882,282,Poetry,/works/OL415234W
Poems,Alfred Lord Tennyson,1827,281,Poetry,/works/OL15097239W
Poema de mio Cid,Anonymous,1868,269,Poetry,/works/OL886738W
The Hunting of the Snark,Lewis Carroll,1876,255,Poetry,/works/OL151447W
Poetics,Aristotle,1536,252,Poetry,/works/OL13703833W
"The Georgics of Virgil translated by Thomas Neville, ..",Publius Vergilius Maro,1523,248,Poetry,/works/OL15237196W
Q. Horatii Flacci opera,Horace,1498,246,Poetry,/works/OL88208W
The Ballad of Reading Gaol,Oscar Wilde,1896,241,Poetry,/works/OL8271329W
The seasons,James Thomson,1726,240,Poetry,/works/OL1084495W
Poems,Percy Bysshe Shelley,1800,233,Poetry,/works/OL14853463W
Rime,Francesco Petrarca,1475,230,Poetry,/works/OL15469822W
Πολιτικά (Politiká),Aristotle,1492,224,Poetry,/works/OL16247898W
Gitanjali (song offerings),Rabindranath Tagore,1910,217,Poetry,/works/OL308575W
Il purgatorio,Dante Alighieri,1768,216,Poetry,/works/OL93140W
The Professor,Charlotte Brontë,1856,210,Poetry,/works/OL271361W
The ballad of the white horse,Gilbert Keith Chesterton,1911,206,Poetry,/works/OL76455W
Virgils Eclogues translated into English: by W.L. Gent,Publius Vergilius Maro,1556,196,Poetry,/works/OL15237410W
The complete works of Robert Browning Volume XVI,Robert Browning,1800,185,Poetry,/works/OL634478W
The Song of Hiawatha and Other Poems,Henry Wadsworth Longfellow,1800,185,Poetry,/works/OL495934W
Carmina,Horace,1712,183,Poetry,/works/OL88217W
Opera,Publius Vergilius Maro,1502,182,Poetry,/works/OL13086557W
Pharsalia,Lucan,1486,182,Poetry,/works/OL2566239W
Evangeline,Henry Wadsworth Longfellow,1847,177,Poetry,/works/OL495761W
The Bell Jar,Sylvia Plath,1948,177,Poetry,/works/OL1865528W
Lays of ancient Rome,Thomas Babington Macaulay,1800,176,Poetry,/works/OL1237959W
Moments of vision,Thomas Hardy,1889,174,Poetry,/works/OL44912W
Spoon River Anthology,Edgar Lee Masters,1914,171,Poetry,/works/OL267926W
The lady of the lake,Sir Walter Scott,1800,159,Poetry,/works/OL863809W
Rime of the ancient mariner,Samuel Taylor Coleridge,1827,156,Poetry,/works/OL26130W
Eureka,Edgar Allan Poe,1848,155,Poetry,/works/OL41076W
Epigrammata,Marcus Valerius Martialis,1501,155,Poetry,/works/OL2241482W
The song of Hiawatha,Henry Wadsworth Longfellow,1855,154,Poetry,/works/OL495872W
Elegiae,Sextus Propertius,1780,152,Poetry,/works/OL1313851W
The Poems of Emily Dickinson Volume II,Emily Dickinson,1890,151,Poetry,/works/OL51381W
Phantasmagoria and Other Poems,Lewis Carroll,1869,147,Poetry,/works/OL151436W
Troilus and Criseyde,Geoffrey Chaucer,1483,143,Poetry,/works/OL279290W
Poems,William Blake,1783,141,Poetry,/works/OL575443W
Faerie queene,Edmund Spenser,1590,139,Poetry,/works/OL1146502W
Gedichte,Johann Wolfgang von Goethe,1700,136,Poetry,/works/OL15369501W
Veinte poemas de amor y una canción desesperada,Pablo Neruda,1924,135,Poetry,/works/OL979517W
Poems,William Butler Yeats,1895,135,Poetry,/works/OL38847W
Poems (Lover's Complaint / Passionate Pilgrim / Phoenix and the Turtle / Rape of Lucrece / Sonnets / Venus and Adonis),William Shakespeare,1771,134,Poetry,/works/OL16048229W
The poetical works of Sir Walter Scott,Sir Walter Scott,1800,134,Poetry,/works/OL863810W
"Aminta, favola boschereccia",Torquato Tasso,1590,134,Poetry,/works/OL502805W
The Barrack-Room Ballads of Rudyard Kipling,Rudyard Kipling,1892,133,Poetry,/works/OL19992W
The Deserted Village,Oliver Goldsmith,1770,129,Poetry,/works/OL7981250W
Odes,Horace,1635,127,Poetry,/works/OL88216W
The Rape of the Lock,Alexander Pope,1714,125,Poetry,/works/OL79362W
Cyropaedia,Xenophon,1527,122,Poetry,/works/OL687224W
De consolatione philosophiae,Boethius,1483,118,Poetry,/works/OL1393130W
The Odyssey,Όμηρος,1946,118,Poetry,/works/OL26446888W
Idylls of the King,Alfred Lord Tennyson,1859,118,Poetry,/works/OL490919W
Fasti,Ovid,1482,118,Poetry,/works/OL97775W
The Light of Asia,Edwin Arnold,1879,115,Poetry,/works/OL194623W
Satirae,Horace,1763,115,Poetry,/works/OL15249113W
Sein und Zeit,Martin Heidegger,1927,114,Poetry,/works/OL77609W
Lalla Rookh,Thomas Moore,1800,111,Poetry,/works/OL75267W
Hamlet,William Shakespeare,1603,2377,Drama,/works/OL9170454W
King Lear,William Shakespeare,1608,1614,Drama,/works/OL259026W
Mansfield Park,Jane Austen,1814,1108,Drama,/works/OL66530W
All's Well That Ends Well,William Shakespeare,1734,818,Drama,/works/OL362676W
Othello,William Shakespeare,1622,807,Drama,/works/OL258850W
The Tempest,William Shakespeare,1611,804,Drama,/works/OL362699W
Two Gentlemen of Verona,William Shakespeare,1632,772,Drama,/works/OL362671W
A Portrait of the Artist as a Young Man,James Joyce,1818,765,Drama,/works/OL86343W
The House of Mirth,Edith Wharton,1905,694,Drama,/works/OL98587W
"Twelfth Night, or What You Will",William Shakespeare,1734,687,Drama,/works/OL362694W
Adam Bede,George Eliot,1800,543,Drama,/works/OL20935W
Love's Labour's Lost,William Shakespeare,1891,526,Drama,/works/OL24399008W
"Henry VI, Part 3",William Shakespeare,1600,523,Drama,/works/OL258713W
"Villette, a novel",Charlotte Brontë,1853,519,Drama,/works/OL1095403W
Winter's Tale,William Shakespeare,1735,494,Drama,/works/OL362687W
Pericles,William Shakespeare,1609,490,Drama,/works/OL361665W
"Henry IV, Part 2",William Shakespeare,1600,480,Drama,/works/OL362697W
La dame aux camélias [novel],Alexandre Dumas fils,1848,451,Drama,/works/OL259509W
Timon of Athens,William Shakespeare,1734,404,Drama,/works/OL362223W
Much Ado About Nothing,William Shakespeare,1600,401,Drama,/works/OL362691W
"Henry VI, Part 1",William Shakespeare,1735,388,Drama,/works/OL25532590W
Measure for Measure,William Shakespeare,1700,380,Drama,/works/OL17534698W
Hedda Gabler,Henrik Ibsen,1890,371,Drama,/works/OL25129727W
Burya,William Shakespeare,1789,368,Drama,/works/OL9972802W
The Good Soldier,Ford Madox Ford,1915,355,Drama,/works/OL509889W
King John,William Shakespeare,1700,330,Drama,/works/OL362680W
Love's Labour's Lost,William Shakespeare,1598,329,Drama,/works/OL362686W
Der Ritt der Walkuren,Richard Wagner,1800,328,Drama,/works/OL579130W
Measure for Measure,William Shakespeare,1700,317,Drama,/works/OL259017W
King Henry VI. Part 2,William Shakespeare,1600,315,Drama,/works/OL258709W
Daddy-Long-Legs,Jean Webster,1912,299,Drama,/works/OL4322177W
She Stoops To Conquer,Oliver Goldsmith,1773,294,Drama,/works/OL7981267W
Of Mice and Men,John Steinbeck,1937,292,Drama,/works/OL23204W
The Merry Wives of Windsor,William Shakespeare,1602,290,Drama,/works/OL361595W
Cymbeline,William Shakespeare,1734,290,Drama,/works/OL258656W
Henry V [adaptation],William Shakespeare,1805,259,Drama,/works/OL258893W
Kenilworth,Sir Walter Scott,1800,256,Drama,/works/OL863804W
A Doll's House,Henrik Ibsen,1889,255,Drama,/works/OL16249343W
Scaramouche,Rafael Sabatini,1900,255,Drama,/works/OL108456W
Die Leiden des jungen Werthers,Johann Wolfgang von Goethe,1779,246,Drama,/works/OL52556W
Fright Night,NOW Comics,1988,27,Comics,/works/OL17721909W
"It's the Great Pumpkin, Charlie Brown",Charles M. Schulz,1967,19,Comics,/works/OL25886W
Understanding Comics,Scott McCloud,1993,19,Comics,/works/OL276032W
Comics,Zhanming Huang,1996,18,Comics,/works/OL10194293W
Amulet,Kazu Kibuishi,2008,17,Comics,/works/OL8842598W
The lightning thief,Robert Venditti,2005,17,Comics,/works/OL15445307W
Dragman,Steven Appleby,2020,16,Comics,/works/OL20666248W
Queer,Meg-John Barker,2016,14,Comics,/works/OL19671749W
Un autre regard #1-2,Emma Gutierrez,2015,12,Comics,/works/OL19760938W
Gender Queer,Maia Kobabe,2019,12,Comics,/works/OL21337755W
Cat Kid Comic Club,Dav Pilkey,2020,11,Comics,/works/OL19659659W
"Death Note, Vol. 8",Tsugumi Ohba,2005,11,Comics,/works/OL8756324W
When Stars Are Scattered,Victoria Jamieson,2020,10,Comics,/works/OL20757578W
The Gashlycrumb Tinies,Edward Gorey,1981,10,Comics,/works/OL23608W
Yukon Ho!,Bill Watterson,1989,9,Comics,/works/OL3004226W
Identity Crisis,Brad Meltzer,2005,8,Comics,/works/OL1818513W
Virtual Hero,El Rubius,2015,8,Comics,/works/OL17199535W
Batman,Craig Shaw Gardner,1989,8,Comics,/works/OL2756365W
The Titan's Curse,Robert Venditti,2013,8,Comics,/works/OL16591738W
The Red Pyramid,Orpheus Collar,2012,8,Comics,/works/OL16591739W
Wish 1,CLAMP,1996,8,Comics,/works/OL8214685W
The great comic book heroes,Jules Feiffer,1965,8,Comics,/works/OL2029467W
哲学用語図鑑 [Tetsugaku yogo zukan],Masato Tanaka,2015,8,Comics,/works/OL45694134W
I Am Not Okay With This,Charles Forsman,2017,7,Comics,/works/OL19731989W
Brazen,Pénélope Bagieu,2018,6,Comics,/works/OL19737622W
Un autre regard #3,Emma Gutierrez,2018,6,Comics,/works/OL35983286W
Phoebe and Her Unicorn,Dana Simpson,2014,6,Comics,/works/OL17623120W
Superman The Unauthorized Biography,Glen Weldon,2013,6,Comics,/works/OL17579180W
Lumberjanes Vol. 9,N.D. Stevenson,2018,6,Comics,/works/OL24229186W
Zot!,Scott McCloud,1996,6,Comics,/works/OL640815W
The Throne of Fire,Orpheus Collar,2015,6,Comics,/works/OL20010806W
"The Complete Peanuts, 1950 to 1952",Charles M. Schulz,2004,6,Comics,/works/OL20659134W
The last Olympian,Robert Venditti,2019,6,Comics,/works/OL20456365W
Ben 10 Vol. 3 - Mecha Madness,C. B. Lee,2019,5,Comics,/works/OL28387787W
GILES 'Sunday Express' & 'Daily Express' Cartoons,Giles.,1966,5,Comics,/works/OL10547261W
Loving Reaper,Jenny Jinya,2021,5,Comics,/works/OL45587934W
Un autre regard sur le climat,Emma Gutierrez,2019,5,Comics,/works/OL31288391W
We Won't be Erased,Sophie Labelle,2018,4,Comics,/works/OL39384054W
True Believer,Abraham Riesman,2020,4,Comics,/works/OL21899003W
Gotham Central Vol. 1,Greg Rucka,2004,4,Comics,/works/OL14864698W
Gender-Kram,Louie Läuger,2020,4,Comics,/works/OL42527187W
Blue Sky Through the Window of a Moving Car,Jordan Bolton,2024,4,Comics,/works/OL38045137W
Critical survey of graphic novels,Bart Beaty,2012,4,Comics,/works/OL16362666W
"Check, Please! Book 1",Ngozi Ukazu,2018,4,Comics,/works/OL19752380W
Beakman's World,Luann Colombo,1994,4,Comics,/works/OL677485W
Un autre regard #1,Emma Gutierrez,2017,4,Comics,/works/OL31354422W
Hockey Girl Loves Drama Boy,Faith Erin Hicks,2023,4,Comics,/works/OL31118934W
Victory. Stand! Raising My Fist for Justice,Tommie Smith,2022,4,Comics,/works/OL27811331W
What Was Bugging Ol' Pharaoh?,Charles M. Schulz,1964,4,Comics,/works/OL10510960W
"The Steel Prince, The Rebel Army",V.E. Schwab,2020,4,Comics,/works/OL24326159W
You Can With Beakman & Jax,Jok Church,1994,4,Comics,/works/OL2697015W
The photojournal guide to comic books,Ernst Gerber,1989,4,Comics,/works/OL4814517W
Artie and the Wolf Moon,Olivia Stephens,2021,3,Comics,/works/OL24992803W
Huda F Cares?,Huda Fahmy,2023,3,Comics,/works/OL34365318W
For the Love of Peanuts,Elizabeth Anne Hartman,2019,3,Comics,/works/OL27972210W
That Can Be Arranged,Huda Fahmy,2020,3,Comics,/works/OL21874730W
French milk,Lucy Knisley,2000,3,Comics,/works/OL13750824W
Supergirl,Kelley Puckett,2009,3,Comics,/works/OL14854272W
"100 years, 100 stories",George Burns,1996,3,Comics,/works/OL2988349W
George R.R. Martin's Fevre Dream,Daniel Abraham,2011,3,Comics,/works/OL20710069W
Beakman & Jax's Microscope Book,Jok Church,1995,3,Comics,/works/OL2697009W
Lumberjanes Vol. 13,Shannon Watters,2019,3,Comics,/works/OL20639388W
Charlie Brown's 'Cyclopedia Volume 3,Charles M. Schulz,1990,3,Comics,/works/OL15400758W
It's Jeff,Kelly Thompson,2025,3,Comics,/works/OL44247690W
FLCL Vol. 2 (Furi Kuri) (in Japanese),Hajime Ueda,2001,3,Comics,/works/OL5756305W
Lumberjanes Vol. 11,Shannon Watters,2019,3,Comics,/works/OL20155675W
Faster Than a Speeding Bullet,Stephen Weiner,2003,3,Comics,/works/OL6036125W
The comic book heroes,Will Jacobs,1985,3,Comics,/works/OL5477899W
New Kid,Jerry Craft,2019,3,Comics,/works/OL20152649W
"Check, Please! Book 2",Ngozi Ukazu,2020,3,Comics,/works/OL20824171W
I Shall Never Fall in Love,Hari Conner,2024,3,Comics,/works/OL37838109W
The funnies,David Manning White,1963,3,Comics,/works/OL7142158W
Orbiter,Warren Ellis,2003,3,Comics,/works/OL2888304W
Hobo Mom,Max de Radiguès,2015,3,Comics,/works/OL24341377W
Cheshire Crossing,Andy Weir,2019,3,Comics,/works/OL17841386W
The standard catalog of comic books (2003),John Jackson Miller,2002,3,Comics,/works/OL19519451W
Unsung Hero,Harvey Pekar,2003,3,Comics,/works/OL16027486W
Black Widow,Richard K. Morgan,2020,3,Comics,/works/OL20745132W
Aliens Omnibus Volume 1,Mark Verheiden,2007,3,Comics,/works/OL1693066W
Make Your Own Comics,Richard M. Gardner,1976,3,Comics,/works/OL4787716W
The son of Neptune,Robert Venditti,2016,3,Comics,/works/OL19668202W
La torre imposible,El Rubius,2013,3,Comics,/works/OL26382222W
Albert Schweitzers Begegnung mit der Orgel,Rudolf Quoika,1954,3,Comics,/works/OL1383972W
Suzy cookstrip,Suzy Benghiat,1978,3,Comics,/works/OL5360576W
"Syndicated Comic Strips and Artists, 1924-1995",Dave Strickler,1995,2,Comics,/works/OL9744588W
Hellblazer,Tom Taylor,2021,2,Comics,/works/OL25397398W
Comic Book Price Guide,Brent Frankenhoff,2010,2,Comics,/works/OL22489511W
Batgirl,Kelley Puckett,2001,2,Comics,/works/OL15317720W
Malice (Malice #1),Chris Wooding,2009,2,Comics,/works/OL15297324W
Vattu,Evan Dahm,2016,2,Comics,/works/OL36435824W
Vattu,Evan Dahm,2023,2,Comics,/works/OL36435830W
The Sacrificers Vol. 1,Rick Remender,2024,2,Comics,/works/OL37518866W
L’Anarchie,Véronique Bergen,2019,2,Comics,/works/OL26418341W
Night Eaters,Marjorie M. Liu,2022,2,Comics,/works/OL27672672W
Conoce a Bernardo de Gálvez,Guillermo Fesser,2017,2,Comics,/works/OL20683241W
Batman's dark secret,Kelley Puckett,1999,2,Comics,/works/OL14854268W
The Legend of Zelda,姫川明,2000,2,Comics,/works/OL17715880W
La Guerra Civil española,José Pablo García,2016,2,Comics,/works/OL17334442W
You Can With Beakman & Jax,Jok Church,1995,2,Comics,/works/OL16807677W
Night of a thousand Doomsdays,Laurie Sutton,2013,2,Comics,/works/OL16681976W
A Study in Scarlet,Arthur Conan Doyle,1887,1447,Fiction,/works/OL262496W
Persuasion,Jane Austen,1789,1236,Fiction,/works/OL66544W
King Solomon's Mines,H. Rider Haggard,1876,1105,Fiction,/works/OL17448W
The Sign of Four,Arthur Conan Doyle,1889,962,Fiction,/works/OL262438W
Metamorphosis,Franz Kafka,1915,955,Fiction,/works/OL498556W
The Innocence of Father Brown (Father Brown Mystery),Gilbert Keith Chesterton,1583,851,Fiction,/works/OL76341W
Der Proceß,Franz Kafka,1825,783,Fiction,/works/OL498463W
The Cricket on the Hearth,Charles Dickens,1846,774,Fiction,/works/OL14868783W
The Mill on the Floss,George Eliot,1800,763,Fiction,/works/OL20938W
The Valley of Fear,Arthur Conan Doyle,1914,758,Fiction,/works/OL262505W
Twice-Told Tales,Nathaniel Hawthorne,1800,369,Art,/works/OL455489W
The Seven Lamps of Architecture,John Ruskin,1800,245,Art,/works/OL88638W
"Sesame and Lilies, three lectures",John Ruskin,1800,187,Art,/works/OL88547W
Salomé,Oscar Wilde,1893,174,Art,/works/OL14877882W
"The ""genius""",Theodore Dreiser,1915,164,Art,/works/OL100196W
"Hide and seek, or, The mystery of Mary Grice",Wilkie Collins,1854,161,Art,/works/OL176054W
"The Renaissance, Studies in Art and Poetry",Walter Pater,1873,156,Art,/works/OL43676W
Kokuritsu Kokkai Toshokan shozō Meijiki kankō tosho maikuro-ban shūsei,Kokuritsu Kokkai Toshokan (Japan),1991,156,Art,/works/OL33207850W
Corinne,Germaine de Staël,1786,155,Art,/works/OL1743567W
Paul Klee,Paul Klee,1930,150,Art,/works/OL972930W
Henry Moore,David Sylvester,1934,146,Art,/works/OL1001044W
The Stones of Venice,John Ruskin,1851,144,Art,/works/OL88640W
Implementation of the Helsinki accords,United States. Congress. Commission on Security and Cooperation in Europe,1982,144,Art,/works/OL133442W
Sozialgeschichte der Kunst und Literatur,Arnold Hauser,1951,129,Art,/works/OL1331984W
Unto This Last,John Ruskin,1860,125,Art,/works/OL88634W
Vincent van Gogh,Vincent van Gogh,1914,114,Art,/works/OL518262W
Max Ernst,Max Ernst,1956,114,Art,/works/OL2248600W
On the sublime,Longinus,1612,113,Art,/works/OL2101248W
Georg Baselitz,Georg Baselitz,1970,113,Art,/works/OL5144330W
A silent witness,R. Austin Freeman,1929,111,Art,/works/OL4112834W
Mornings in Florence,John Ruskin,1800,108,Art,/works/OL88637W
Goethe's Werke,Johann Wolfgang von Goethe,1800,105,Art,/works/OL15116693W
Naturalis historia,Pliny the Elder,1469,100,Art,/works/OL1257866W
Venus and Adonis,William Shakespeare,1593,98,Art,/works/OL362672W
La nausée,Jean-Paul Sartre,1938,98,Art,/works/OL1161171W
Marc Chagall,Marc Chagall,1948,97,Art,/works/OL4875453W
Sophocles,Sophocles,1832,96,Art,/works/OL10327036W
Vita di Benvenuto Cellini,Benvenuto Cellini,1728,95,Art,/works/OL1091251W
Rembrandt,Rembrandt Harmenszoon van Rijn,1900,93,Art,/works/OL54653W
New Creations Coloring Book Series,Teresa Davis,2002,92,Art,/works/OL20763355W
"Vite de' più eccellenti pittori, scultori et architettori",Giorgio Vasari,1759,91,Art,/works/OL1298151W
Van Gogh,Federico Zeri,1937,91,Art,/works/OL518261W
The  wrecker,Robert Louis Stevenson,1892,91,Art,/works/OL24146W
Leonardo,Leonardo da Vinci,1946,89,Art,/works/OL695408W
Edvard Munch,Edvard Munch,1927,88,Art,/works/OL136192W
Picasso,William S. Lieberman,1932,87,Art,/works/OL145190W
La tentation de saint Antoine,Gustave Flaubert,1884,86,Art,/works/OL893948W
Joan Miró,Joan Miró,1937,85,Art,/works/OL578528W
The Cat in the Hat,Dr. Seuss,1957,85,Art,/works/OL1898309W
La cathédrale,Joris-Karl Huysmans,1895,84,Art,/works/OL2239465W
Andy Warhol,Andy Warhol,1967,84,Art,/works/OL644644W
The Birds of America,John James Audubon,1827,83,Art,/works/OL74757W
Nine Stories,J. D. Salinger,1948,82,Art,/works/OL3335290W
Emil Nolde,Emil Nolde,1958,81,Art,/works/OL1392435W
Max Beckmann,Max Beckmann,1931,80,Art,/works/OL612113W
Alberto Giacometti,Alberto Giacometti,1955,79,Art,/works/OL2206872W
The Golden Bowl,Henry James,1904,78,Art,/works/OL276338W
Arnulf Rainer,Arnulf Rainer,1968,76,Art,/works/OL1738893W
The two paths,John Ruskin,1859,76,Art,/works/OL88632W
"Those barren leaves, a novel",Aldous Huxley,1925,75,Art,/works/OL64391W
Art Through the Ages,Helen Gardner,1926,74,Art,/works/OL3002703W
A Joy For Ever (And Its Price in the Market),John Ruskin,1857,73,Art,/works/OL88589W
Le Corbusier,Le Corbusier,1938,72,Art,/works/OL15210196W
The Letters of Horace Walpole,Horace Walpole,1842,71,Art,/works/OL183740W
Illusions perdues,Honoré de Balzac,1837,71,Art,/works/OL85241W
Jean Dubuffet,Jean Dubuffet,1958,71,Art,/works/OL1395180W
Wonder Book,Nathaniel Hawthorne,1947,69,Art,/works/OL21899182W
Collected papers,Sigmund Freud,1906,69,Art,/works/OL1069221W
Joseph Beuys,Joseph Beuys,1969,68,Art,/works/OL602339W
"Treaties, etc",France,1650,68,Art,/works/OL541942W
The tragedy of Macbeth,William Shakespeare,1790,67,Art,/works/OL362176W
Yummy,Andy Rivera,2023,65,Art,/works/OL36482986W
"Lectures on art delivered before the University of Oxford in Hilary term, 1870",John Ruskin,1870,64,Art,/works/OL88583W
The Collector,John Fowles,1963,63,Art,/works/OL15008W
Toulouse-Lautrec,Henri de Toulouse-Lautrec,1940,62,Art,/works/OL1259003W
Rodin,Auguste Rodin,1924,62,Art,/works/OL534146W
Sam Francis,Sam Francis,1960,61,Art,/works/OL1664733W
Matisse,Henri Matisse,1943,60,Art,/works/OL1227093W
Giorgio Morandi,Giorgio Morandi,1943,59,Art,/works/OL71986W
Auguste Rodin,Rainer Maria Rilke,1907,59,Art,/works/OL3800617W
Gritty and Gorgeous,Jose Varese,2022,57,Art,/works/OL28851876W
St. Mark's rest,John Ruskin,1800,57,Art,/works/OL45590030W
The wise woman,George MacDonald,1875,57,Art,/works/OL15406W
Val d'Arno,John Ruskin,1874,57,Art,/works/OL88628W
Julian Schnabel,Julian Schnabel,1981,57,Art,/works/OL1741958W
The crown of wild olives,John Ruskin,1800,57,Art,/works/OL11642994W
Goya,Francisco Goya,1919,57,Art,/works/OL54503W
Fernand Léger,Fernand Léger,1945,56,Art,/works/OL833859W
Ernst Ludwig Kirchner,Ernst Ludwig Kirchner,1960,56,Art,/works/OL813647W
Benim Adım Kırmızı,Orhan Pamuk,1998,55,Art,/works/OL1019598W
Kandinsky,Wassily Kandinsky,1947,54,Art,/works/OL30153W
"The Muqaddimah, an introduction to history",Ibn Khaldūn,1858,54,Art,/works/OL1597257W
Anselm Kiefer,Anselm Kiefer,1978,54,Art,/works/OL607956W
Miró,Joan Miró,1955,54,Art,/works/OL578527W
The Cloister and the Hearth,Charles Reade,1861,54,Art,/works/OL5110968W
Poems,Oscar Wilde,1881,53,Art,/works/OL14877876W
Otto Dix,Otto Dix,1957,53,Art,/works/OL2055195W
Meus Artigos,Jacob Burckhardt,1838,53,Art,/works/OL1156660W
Lyonel Feininger,Lyonel Feininger,1950,53,Art,/works/OL2185030W
Michelangelo,Michelangelo Buonarroti,1901,52,Art,/works/OL1164615W
Alex Katz,Alex Katz,1971,52,Art,/works/OL984473W
Of Human Bondage,William Somerset Maugham,1915,407,Music,/works/OL505781W
Essay concerning human understanding,John Locke,1689,188,Music,/works/OL880201W
Medea,Euripides,1703,157,Music,/works/OL66501W
Lucy Gayheart,Willa Cather,1935,154,Music,/works/OL12823W
The Roman Breviary,Catholic Church,1200,140,Music,/works/OL349325W
Overture to Tannhauser,Richard Wagner,1800,131,Music,/works/OL579180W
Discovering Classical Music,Ian Christians,1991,125,Music,/works/OL8772290W
Don Giovanni,Wolfgang Amadeus Mozart,1800,109,Music,/works/OL624289W
Carmen,Georges Bizet,1800,92,Music,/works/OL694849W
The biographical dictionary of musicians,Rupert Hughes,1900,82,Music,/works/OL907250W
Neue Ausgabe sämtlicher Werke,Johann Sebastian Bach,1955,77,Music,/works/OL2912098W
Thurber Carnival,James Thurber,1940,77,Music,/works/OL9323423W
Music,Roger Kamien,1976,75,Music,/works/OL2770497W
Correspondence,Wolfgang Amadeus Mozart,1865,74,Music,/works/OL624288W
Lucrezia Borgia,Gaetano Donizetti,1800,70,Music,/works/OL2215612W
Rigoletto,Giuseppe Verdi,1850,70,Music,/works/OL1304353W
Falstaff,Giuseppe Verdi,1893,70,Music,/works/OL1304351W
Cowboy Songs and Other Frontier Ballads,John Avery Lomax,1910,68,Music,/works/OL6573912W
Biographie universelle des musiciens et bibliographie générale de la musique. Supplément et complément,François-Joseph Fétis,1835,66,Music,/works/OL3470816W
Aïda,Giuseppe Verdi,1800,64,Music,/works/OL1304352W
Faust,Charles Gounod,1800,63,Music,/works/OL653213W
QuaverMusic,QuaverEd,2024,61,Music,/works/OL38395759W
Die Geburt der Tragödie,Friedrich Nietzsche,1872,61,Music,/works/OL98152W
Vios ke Politia tou Alexi Zorba,Nikos Kazantzakis,1952,61,Music,/works/OL85509W
Consuelo,George Sand,1842,59,Music,/works/OL982015W
"Macbeth, Cloth, It",Giuseppe Verdi,1847,58,Music,/works/OL1304249W
The Pirates of Penzance,Sir William Schwenck Gilbert,1879,56,Music,/works/OL905953W
The Perfect Wagnerite,George Bernard Shaw,1896,56,Music,/works/OL1066518W
Shakespeare Survey,Allardyce Nicoll,1933,56,Music,/works/OL8307868W
Oeuvres de J.J. Rousseau,Jean-Jacques Rousseau,1791,54,Music,/works/OL80735W
Madama Butterfly,Giacomo Puccini,1904,53,Music,/works/OL905801W
The Perks of Being a Wallflower,Stephen Chbosky,1999,51,Music,/works/OL875437W
Beginner Method Series,Sean Burdette,2018,50,Music,/works/OL28049104W
Irish melodies,Thomas Moore,1800,48,Music,/works/OL75266W
Die Bremer Stadtmusikanten,Gebrüder Grimm [Brothers Grimm],1922,47,Music,/works/OL45423W
Literary works,Richard Wagner,1871,46,Music,/works/OL579307W
Dictionary of music and musicians,Sir George Grove,1879,46,Music,/works/OL2826726W
"""Surely You're Joking, Mr. Feynman""",Richard Phillips Feynman,1984,45,Music,/works/OL514629W
The complete operas of Gilbert and Sullivan,Sir William Schwenck Gilbert,1900,44,Music,/works/OL905904W
The enjoyment of music,Joseph Machlis,1955,44,Music,/works/OL1921810W
Sämtliche Werke,Johann Wolfgang von Goethe,1800,43,Music,/works/OL52444W
Musicophilia,Oliver Sacks,2007,43,Music,/works/OL277255W
Inspecting post-16,Ofsted.,2001,42,Music,/works/OL12252144W
The listener's history of music,"Scholes, Percy Alfred",1923,41,Music,/works/OL6679509W
Classification,Library of Congress. Subject Cataloging Division.,1904,41,Music,/works/OL4398462W
Prose,Johann Wolfgang von Goethe,1854,41,Music,/works/OL52513W
Concise History of Western Music,Barbara Russano Hanning,1997,38,Music,/works/OL20776483W
The Oxford companion to music,"Scholes, Percy Alfred",1938,38,Music,/works/OL1253826W
Chaos,James Gleick,1987,37,Music,/works/OL15899W
Thirty Years A Slave From Bondage To Freedom The Institution Of Slavery As Seen On The Plantation And In The Home Of The Planter,Louis Hughes,1887,37,Music,/works/OL4131180W
Linda di Chamounix,Gaetano Donizetti,1800,37,Music,/works/OL2215604W
Uncle Remus,Joel Chandler Harris,1800,37,Music,/works/OL2344334W
Henri de Toulouse-Lautrec,Henri de Toulouse-Lautrec,1930,37,Music,/works/OL1259002W
Guillaume Tell,Gioacchino Rossini,1831,37,Music,/works/OL2850897W
Music for Sightsinging,Robert W. Ottman,1956,36,Music,/works/OL2689958W
Hymns for infant minds,Zulfikar Ghose,1809,36,Music,/works/OL646198W
Route nationale,Lol Briggs,1992,35,Music,/works/OL7996600W
A travers chants,Hector Berlioz,1862,35,Music,/works/OL1097992W
Studies in Modern Music,William Henry Hadow,1893,34,Music,/works/OL1540068W
Minima moralia; reflections from damaged life,Theodor W. Adorno,1951,34,Music,/works/OL542175W
Nocturnes,Kazuo Ishiguro,2009,34,Music,/works/OL14875886W
Grade,Mcgraw/ Macmillan,1995,33,Music,/works/OL9212833W
"Music in London, 1890-1894",George Bernard Shaw,1931,33,Music,/works/OL1066467W
Adroddiad gan Arolygwyr ei Mawrhydi,Great Britain. Welsh Office. Education Department. Inspectorate.,1993,33,Music,/works/OL10859102W
Picasso,Gertrude Stein,1938,32,Music,/works/OL37272W
Just Kids,Patti Smith,2006,32,Music,/works/OL15474046W
Strawberry Girl,Lois Lenski,1945,32,Music,/works/OL1526334W
Born to Run,Bruce Springsteen,1975,31,Music,/works/OL1943602W
"Music, history, and ideas",Hugo Leichtentritt,1938,31,Music,/works/OL1237026W
The Napping House (La Casa Adormecida),Audrey Wood,1984,31,Music,/works/OL547418W
Vom Musikalisch-Schönen,Eduard Hanslick,1854,31,Music,/works/OL3553923W
"Gödel, Escher, Bach",Douglas R. Hofstadter,1979,30,Music,/works/OL716850W
The CITY OF GOLD AND LEAD,Sam Youd,1967,30,Music,/works/OL266020W
The Magic School Bus,Joanna Cole,1994,29,Music,/works/OL83104W
iPod,J. D. Biersdorfer,2003,29,Music,/works/OL5753330W
Histoire générale de la musique,François-Joseph Fétis,1869,29,Music,/works/OL3470789W
The Honor of the Big Snows,James Oliver Curwood,1911,29,Music,/works/OL3739416W
Scale Studies,Sean Burdette,2019,28,Music,/works/OL28050865W
Blues people,Amiri Baraka,1963,28,Music,/works/OL21222W
My Musical Life,Nikolay Rimsky-Korsakov,1923,28,Music,/works/OL8386459W
A history of western music,"Grout, Donald Jay.",1960,28,Music,/works/OL2932136W
Early Music History,Iain Fenlon,1984,27,Music,/works/OL3819116W
World music,Terry E. Miller,2005,27,Music,/works/OL120228W
The beggar's opera,John Christopher Pepusch,1728,27,Music,/works/OL6952452W
Understanding Music,Jeremy Yudkin,1995,26,Music,/works/OL1950351W
A Visit from the Goon Squad,Jennifer Egan,2010,26,Music,/works/OL15026613W
Zhongguo xi qu yin yue ji cheng,"""Zhongguo xi qu yin yue ji cheng"" bian ji wei yuan hui",1992,26,Music,/works/OL33038419W
Voyage Out,Virginia Woolf,1915,465,Travel,/works/OL27064817W
The Alhambra,Washington Irving,1800,459,Travel,/works/OL63996W
"The sketch-book of Geoffrey Crayon, Esq",Washington Irving,1819,351,Travel,/works/OL63893W
Astoria,Washington Irving,1800,321,Travel,/works/OL63862W
Martin Chuzzlewit,Charles Dickens,1800,290,Travel,/works/OL14869242W
A week on the Concord and Merrimack Rivers,Henry David Thoreau,1849,236,Travel,/works/OL55670W
The museum experience revisited,John H. Falk,1992,219,Travel,/works/OL16705133W
"Martin Rattler, or, A boy's adventures in the forests of Brazil",Robert Michael Ballantyne,1867,204,Travel,/works/OL2320050W
The Essays of Elia,Charles Lamb,1823,187,Travel,/works/OL44842W
Cape Cod,Henry David Thoreau,1864,182,Travel,/works/OL55724W
The Innocents Abroad,Mark Twain,1800,178,Travel,/works/OL54041W
Life on the Mississippi,Mark Twain,1883,157,Travel,/works/OL53959W
"The adventures of Captain Bonneville, U.S.A.",Washington Irving,1800,145,Travel,/works/OL63859W
By the King,King James VI and I,1603,141,Travel,/works/OL1498776W
The Razor's Edge,William Somerset Maugham,1944,135,Travel,/works/OL505944W
"Early Western Travels, 1748-1846",Reuben Gold Thwaites,1904,134,Travel,/works/OL1619187W
A Survey of London,John Stow,1598,133,Travel,/works/OL1096157W
The Land of Little Rain,Mary Austin,1903,127,Travel,/works/OL1917146W
The American,Henry James,1877,126,Travel,/works/OL276314W
Wild Wales,George Henry Borrow,1798,126,Travel,/works/OL244676W
Palmetto-leaves,Harriet Beecher Stowe,1873,122,Travel,/works/OL152210W
The Rivals,Richard Brinsley Sheridan,1775,122,Travel,/works/OL1062545W
Their Wedding Journey,William Dean Howells,1872,118,Travel,/works/OL69167W
"The journals of André Gide, 1889-1949",André Gide,1939,117,Travel,/works/OL630881W
South: the story of Shackleton's 1914-1917 expedition,Sir Ernest Henry Shackleton,1919,116,Travel,/works/OL1931005W
Columbus,Washington Irving,1800,115,Travel,/works/OL63945W
The Travels of Marco Polo,Marco Polo,1818,114,Travel,/works/OL15584860W
Ker-bloom!,artnoose,1996,112,Travel,/works/OL31792711W
The Maine Woods,Henry David Thoreau,1803,112,Travel,/works/OL55721W
Peer Gynt,Henrik Ibsen,1867,111,Travel,/works/OL52430W
Aus meinem Leben,Johann Wolfgang von Goethe,1800,111,Travel,/works/OL52470W
Backwoods of Canada,Catherine Parr Traill,1836,108,Travel,/works/OL2802649W
Queer places,Elisa Rolle,2016,105,Travel,/works/OL20050080W
"The History, Civil and Commercial, of the British Colonies in the West Indies ...: In Two Volumes",Bryan Edwards,1789,105,Travel,/works/OL6831857W
A dictionary of the English language,Samuel Johnson,1747,104,Travel,/works/OL14862662W
From sea to sea; letters of travel,Rudyard Kipling,1889,103,Travel,/works/OL19875W
California and Oregon trail,Francis Parkman,1872,103,Travel,/works/OL102799W
Description of Greece,Pausanias,1613,103,Travel,/works/OL3401088W
Our Old Home,Nathaniel Hawthorne,1863,101,Travel,/works/OL455366W
Pictures from Italy,Charles Dickens,1846,99,Travel,/works/OL14869503W
Travels in Arabia Deserta,Charles Montagu Doughty,1888,98,Travel,/works/OL2295102W
Away in the wilderness,Robert Michael Ballantyne,1800,95,Travel,/works/OL2320056W
"The world of ice, or, Adventures in the polar regions",Robert Michael Ballantyne,1860,94,Travel,/works/OL2319977W
Omoo,Herman Melville,1847,93,Travel,/works/OL102745W
Charles Darwin's The Voyage of the Beagle:,Charles Darwin,1839,92,Travel,/works/OL515065W
What I saw in America,Gilbert Keith Chesterton,1922,91,Travel,/works/OL76451W
Dodsworth,Sinclair Lewis,1929,91,Travel,/works/OL51146W
First footsteps in East Africa,Richard Francis Burton,1856,89,Travel,/works/OL68668W
A Son of the Sun,Jack London,1900,85,Travel,/works/OL74483W
Venetian life,William Dean Howells,1866,84,Travel,/works/OL69163W
Tristes Tropiques,Claude Lévi-Strauss,1955,84,Travel,/works/OL8261409W
Excursions,Henry David Thoreau,1840,82,Travel,/works/OL55720W
On the Banks of Plum Creek,Laura Ingalls Wilder,1937,82,Travel,/works/OL1719794W
Tarzan of the Apes Tale #1 the Man-Child,Edgar Rice Burroughs,2002,80,Travel,/works/OL1418071W
Works (American Notes / Pictures from Italy),Charles Dickens,1800,80,Travel,/works/OL14868468W
Green Hills of Africa,Ernest Hemingway,1709,80,Travel,/works/OL62985W
Lettres philosophiques,Voltaire,1733,80,Travel,/works/OL15228532W
Historia Alexandri Magni,Quintus Curtius Rufus,1481,79,Travel,/works/OL145025W
Travels with Charley,John Steinbeck,1962,78,Travel,/works/OL23192W
Houghton Mifflin Science California,Houghton Mifflin Company Staff,2006,301,Science,/works/OL27468204W
On the origin of species by means of natural selection,Charles Darwin,1859,259,Science,/works/OL515051W
Houghton Mifflin Science Leveled Readers,Houghton Mifflin Company Staff,2005,242,Science,/works/OL27467443W
Advances in Heterocyclic Chemistry,Alan R. Katritzky,1963,226,Science,/works/OL120822W
"The principall navigations, voiages, and discoveries of the English nations",Richard Hakluyt,1589,225,Science,/works/OL3639910W
Principles of Anatomy and Physiology,Gerard J. Tortora,1975,218,Science,/works/OL1827306W
Essays,Francis Bacon,1618,188,Science,/works/OL69382W
Histoire naturelle,"Georges-Louis Leclerc, comte de Buffon",1749,174,Science,/works/OL1356870W
Mutual Aid,Peter Kropotkin,1891,173,Science,/works/OL1105375W
Discours de la méthode,René Descartes,1644,163,Science,/works/OL1151518W
The book of the damned,Charles Fort,1919,154,Science,/works/OL66059W
1st Report [Session 1993-94],Rand McNally,1983,133,Science,/works/OL14903351W
L'Évolution créatrice,Henri Bergson,1907,125,Science,/works/OL76664W
A Brief History of Time,Stephen Hawking,1988,120,Science,/works/OL1892617W
"A System of Logic, Ratiocinative and Inductive",John Stuart Mill,1843,113,Science,/works/OL1068214W
International review of cytology,George Bourne,1986,108,Science,/works/OL24446425W
The ABC of atoms,Bertrand Russell,1923,105,Science,/works/OL1088556W
Über die spezielle und die allgemeine Relativitätstheorie,Albert Einstein,1917,102,Science,/works/OL1214190W
NASA/DoD aerospace knowledge diffusion research project,Thomas E. Pinelli,1990,101,Science,/works/OL8894965W
International Review of Cell and Molecular Biology,Kwang W. Jeon,2008,95,Science,/works/OL21015217W
4th Report [Session 1993-94],Rand McNally,1990,92,Science,/works/OL14903327W
Introduction to genetic analysis,Anthony J. F. Griffiths,1993,90,Science,/works/OL18407621W
Physics,Aristotle,1472,88,Science,/works/OL151632W
Sapiens,Yuval Noah Harari,2011,86,Science,/works/OL17075811W
Annual reports on NMR spectroscopy,Graham A. Webb,1979,84,Science,/works/OL16927878W
Nova Atlantis,Francis Bacon,1627,84,Science,/works/OL69453W
Microbiology,Gerard J. Tortora,1982,80,Science,/works/OL1827302W
Accounting Principles,Jerry J. Weygandt,1987,79,Science,/works/OL1881226W
Advances in imaging and electron physics,Peter W. Hawkes,1995,78,Science,/works/OL16959776W
The natural history of Selborne,Gilbert White,1789,75,Science,/works/OL1102661W
Cosmos,Carl Sagan,1980,73,Science,/works/OL15829966W
Differentiating Instruction With Menus,Laurie E. Westphal,2007,71,Science,/works/OL9935589W
Pathways Through Science (Nuffield Modular Science),Nuffield-Chelsea Curriculum Trust,1992,71,Science,/works/OL9213099W
The Worst Journey in the World,Apsley Cherry-Garrard,1922,67,Science,/works/OL3360211W
The economy of machinery and manufactures,Charles Babbage,1832,66,Science,/works/OL3013355W
5th Report [Session 1995-96],Rand McNally,1988,65,Science,/works/OL14903313W
The advancement of learning,Francis Bacon,1605,65,Science,/works/OL15403036W
Inquiry into Life,Sylvia S. Mader,1976,63,Science,/works/OL2657790W
The Logic of Scientific Discovery,Karl Popper,1935,63,Science,/works/OL1984582W
Cosmos,Alexander von Humboldt,1845,63,Science,/works/OL1554090W
Progress in optics,Emil Wolf,1963,62,Science,/works/OL16996964W
The expression of emotions in man and animals,Charles Darwin,1872,62,Science,/works/OL515301W
The Man Who Mistook His Wife for a Hat,Oliver Sacks,1980,62,Science,/works/OL1811898W
La science et l'hypothèse,Henri Poincaré,1900,61,Science,/works/OL708894W
Argonauts of the western Pacific,Bronisław Malinowski,1922,61,Science,/works/OL1211011W
Theme Sets. Ice,National Geographic Learning,2006,58,Science,/works/OL26543324W
Mein Weltbild,Albert Einstein,1934,58,Science,/works/OL1214254W
The Nature of the Physical World,Arthur Stanley Eddington,1928,57,Science,/works/OL1107462W
The Human Zoo,Desmond Morris,1705,57,Science,/works/OL104152W
A short history of nearly everything,Bill Bryson,2003,57,Science,/works/OL74128W
Biology,Neil Alexander Campbell,1987,57,Science,/works/OL1983087W
"[Gasoline motor-boat for customs service at Corpus Christi, Texas.]",United States. Congress. House. Committee on Appropriations,1876,57,Science,/works/OL10850294W
Silent Spring,Rachel Carson,1962,57,Science,/works/OL1884862W
The atmosphere,Frederick K. Lutgens,1979,56,Science,/works/OL29602W
Science and education,Thomas Henry Huxley,1893,56,Science,/works/OL1102962W
Physics for scientists and engineers,Paul A. Tipler,1990,56,Science,/works/OL1984422W
Progress in nucleic acid research and molecular biology,Waldo E. Cohn,1974,52,Science,/works/OL16974146W
The works of Francis Bacon,Francis Bacon,1740,52,Science,/works/OL69455W
Novum organum,Francis Bacon,1620,52,Science,/works/OL69399W
Literary works of Leonardo da Vinci,Leonardo da Vinci,1883,51,Science,/works/OL695407W
Differentiating Instruction with Menus for the Inclusive Classroom,Laurie E. Westphal,2010,50,Science,/works/OL21250459W
Recherches sur les substances radioactives,Marie Curie,1903,50,Science,/works/OL723624W
Progress in inorganic chemistry,Henry Taube,1983,49,Science,/works/OL19169979W
Longitude,Dava Sobel,1995,49,Science,/works/OL265465W
"Discovery Education Elementary School Science Techbook, National",Discovery Education,2023,48,Science,/works/OL35788644W
The principles of science,William Stanley Jevons,1874,47,Science,/works/OL4764092W
The Structure of Scientific Revolutions,Thomas S. Kuhn,1955,47,Science,/works/OL3259254W
Sitzungsberichte der Philosophisch-historischen Classe,"Kaiserlichen Akademie der Wissenschaften in Wien, Mathematisch-Naturwissenschaftliche Klasse",1848,47,Science,/works/OL15705000W
Fundamentals Of Electricity And Magnetism,McGraw-Hill,2001,47,Science,/works/OL14996328W
The Currents of Space,Isaac Asimov,1952,46,Science,/works/OL46385W
Inquiries into human faculty and its development,Sir Francis Galton,1883,46,Science,/works/OL3370378W
"International catalogue of scientific literature, 1901-1914",Royal Society of London,1901,45,Science,/works/OL16456531W
The Nation's report card,Anthony D. Lutkus,2001,45,Science,/works/OL23896963W
"The cyclopaedia ; or, universal dictionary of arts, sciences and literature",Abraham Rees,1810,44,Science,/works/OL24893135W
Zhongguo zao qi ke ji qi kan hui bian,Yasha Jiang,2008,44,Science,/works/OL32337120W
Conjectures and refutations,Karl Popper,1962,44,Science,/works/OL1984581W
What If?,Randall Munroe,1980,44,Science,/works/OL17095301W
Advances in virus research,Karl Maramorosch,1986,43,Science,/works/OL24320233W
21st Century Nanoscience - a Handbook,Klaus D. Sattler,2019,43,Science,/works/OL20743382W
A star atlas and telescopic handbook (epoch 1920),Arthur P. Norton,1910,43,Science,/works/OL4780748W
Progress in Inorganic Chemistry,Kenneth D. Karlin,2003,42,Science,/works/OL20438736W
Exploring Science,Mark Levesley,2001,42,Science,/works/OL19322823W
Mendel's principles of heredity,William Bateson,1902,42,Science,/works/OL1111441W
The Child's Book of Nature: for the use of families and schools : intended to aid mothers and ..,Worthington Hooker,1857,41,Science,/works/OL7099987W
Prey,Michael Crichton,2002,65,Technology,/works/OL46883W
"Engineering Mechanics, Statics & Dynamics",R. C. Hibbeler,1974,55,Technology,/works/OL1865037W
State of Fear,Michael Crichton,2004,51,Technology,/works/OL46914W
One-Dimensional Man,Herbert Marcuse,1963,48,Technology,/works/OL98205W
Understanding Media,Marshall McLuhan,1964,47,Technology,/works/OL871783W
Upgrading and repairing PCs,Scott Mueller,1988,44,Technology,/works/OL65487W
The Human Condition,Hannah Arendt,1958,42,Technology,/works/OL10460638W
"The Arms of Krupp, 1587-1968",William Manchester,1964,41,Technology,/works/OL4116630W
Transactions on Engineering Technologies,Sio-Iong Ao,2013,40,Technology,/works/OL20667190W
ההיסטוריה של המחר,Yuval Noah Harari,2015,39,Technology,/works/OL17641518W
The Circle,Dave Eggers,2013,38,Technology,/works/OL16808654W
C++ how to program,Harvey M. Deitel,1992,38,Technology,/works/OL1753945W
Red Storm Rising,Tom Clancy,1983,35,Technology,/works/OL159642W
"Henley's twentieth century formulas, recipes and processes",Gardner Dexter Hiscox,1907,34,Technology,/works/OL6728730W
Elon Musk,Ashlee Vance,2013,34,Technology,/works/OL17184556W
Machinerys Handbook,Erik Oberg,1959,33,Technology,/works/OL7707183W
Reckless,Cornelia Funke,2010,33,Technology,/works/OL15371140W
Anticipations of the reaction of mechanical and scientific progress upon human life and thought,H. G. Wells,1902,32,Technology,/works/OL52202W
Das Finanzkapital,Rudolf Hilferding,1904,31,Technology,/works/OL5638486W
Bridge engineering handbook,Wai-Kai Chen,1999,29,Technology,/works/OL19323086W
Report by H.M. Inspectors,Great Britain. Welsh Office. Education Department. Inspectorate.,1992,29,Technology,/works/OL10859101W
Knight's American mechanical dictionary,Edward Henry Knight,1800,28,Technology,/works/OL231537W
Feed,M. T. Anderson,2002,27,Technology,/works/OL112043W
Contemporary Logistics in China,Bing-lian Liu,2012,26,Technology,/works/OL20707676W
ESD,Steven H. Voldman,2005,26,Technology,/works/OL5853011W
The Way Things Work,David Macaulay,1988,26,Technology,/works/OL15130328W
The Human Use of Human Beings,Norbert Wiener,1950,26,Technology,/works/OL4307570W
507 Mechanical Movements,Henry T. Brown,1991,24,Technology,/works/OL2590980W
Digital Electronics,William Kleitz,1987,24,Technology,/works/OL1814389W
Industrial Society and Its Future,Theodore Kaczynski,1995,24,Technology,/works/OL9003449W
Die Revolution der Hoffnung,Erich Fromm,1968,24,Technology,/works/OL1184898W
Science in history,J. D. Bernal,1954,24,Technology,/works/OL1320050W
The Boy Who Harnessed the Wind,William Kamkwamba,2009,23,Technology,/works/OL15190422W
Sensory evaluation techniques,Morten Meilgaard,1987,23,Technology,/works/OL4459896W
A dictionary of scientific terms,I. F. Henderson,1920,23,Technology,/works/OL1384585W
Ssu-chʻuan sheng chih,Sichuan Sheng di fang zhi bian zuan wei yuan hui,1992,23,Technology,/works/OL19247373W
Science in a Technical World,American Chemical Society,1999,22,Technology,/works/OL8373209W
Der Mensch und die Technik,Oswald Spengler,1931,22,Technology,/works/OL3392000W
Science and civilisation in China,Joseph Needham,1954,22,Technology,/works/OL1186505W
Science and Human Values,Jacob Bronowski,1956,22,Technology,/works/OL276126W
"Treaties, etc",Soviet Union.,1973,22,Technology,/works/OL800274W
The Long Tail,Chris Anderson,2006,22,Technology,/works/OL4091759W
Quaternary of South America and Antarctic Peninsula,Jorge Rabassa,1998,21,Technology,/works/OL21271644W
Modern control systems,Richard C. Dorf,1967,21,Technology,/works/OL1874294W
Dance music manual,Rick Snoman,2012,21,Technology,/works/OL19974579W
Crossing the Chasm,Geoffrey A. Moore,1991,21,Technology,/works/OL30695W
Pavement engineering,Rajib Basu Mallick,2008,20,Technology,/works/OL12559888W
Advanced electrical installation work,Trevor Linsley,2005,20,Technology,/works/OL19823925W
The Terrible Privacy Of Maxwell Sim,Jonathan Coe,2010,20,Technology,/works/OL15179403W
Ready Player Two,Ernest Cline,2019,20,Technology,/works/OL20907281W
Introduction to health and safety at work,"Hughes, Phil, MSc, FIOSH, RSP.",2003,20,Technology,/works/OL5960901W
"Electrical wiring, industrial","Smith, Robert L.",1977,20,Technology,/works/OL1947896W
Space shuttle,United States. General Accounting Office,1986,20,Technology,/works/OL565165W
Vapor-liquid equilibrium data collection,Jürgen Gmehling,1977,20,Technology,/works/OL11518580W
Marvels of Modern Science,Paul Severing,1910,20,Technology,/works/OL7704466W
Numerical methods for engineers,Steven C. Chapra,1985,20,Technology,/works/OL2720189W
Profiles of the future,Arthur C. Clarke,1962,20,Technology,/works/OL17414W
Science and Technology in Society,John S. Holman,1986,20,Technology,/works/OL7996527W
Nunquam,Lawrence Durrell,1970,19,Technology,/works/OL48301W
Anti-Œdipe,Gilles Deleuze,1972,19,Technology,/works/OL93923W
Bad Blood,John Carreyrou,2018,19,Technology,/works/OL17892614W
"La era de la información, Vol. 1",Manuel Castells,1996,19,Technology,/works/OL2678218W
Incredible Cross Sections,Richard Platt,1992,19,Technology,/works/OL1717271W
Strategic Information Management,Robert D. Galliers,2013,18,Technology,/works/OL20749699W
PIC16F1847 Microcontroller-Based Programmable Logic Controller,Murat Uzam,2020,18,Technology,/works/OL21694987W
Learning to Teach Design and Technology in the Secondary School,Gwyneth Owen-Jackson,2000,18,Technology,/works/OL21290195W
Barry's introduction to construction of buildings,Stephen Emmitt,2004,18,Technology,/works/OL5826576W
The Snow Queen,Joan D. Vinge,1980,18,Technology,/works/OL2816487W
The fatal impact,Alan Moorehead,1966,18,Technology,/works/OL1581732W
Teaching and learning with technology,Judy Lever-Duffy,2002,18,Technology,/works/OL9228029W
Compendium of food additive specifications,Joint FAO/WHO Expert Committee on Food Additives.,1992,18,Technology,/works/OL749345W
The science of food,P. M. Gaman,1977,18,Technology,/works/OL3241423W
Today's Technician,Mark Schnubel,2004,18,Technology,/works/OL5851809W
The science and engineering of materials,Donald R. Askeland,1984,18,Technology,/works/OL3927645W
ASM handbook,ASM International. Handbook Committee,1990,18,Technology,/works/OL15905060W
Selections,Jawaharlal Nehru,1946,18,Technology,/works/OL296013W
"Technology, management & society",Peter F. Drucker,1970,18,Technology,/works/OL272922W
Innovation in Music,Russ Hepworth-Sawyer,2019,17,Technology,/works/OL20927572W
Elementary surveying,Paul R. Wolf,1951,17,Technology,/works/OL509008W
O naznachenīī cheloveka,Nikolaĭ Berdi͡aev,1937,17,Technology,/works/OL10335218W
Reliability engineering and risk analysis,M. Modarres,1999,17,Technology,/works/OL4304904W
A choice of gods,Clifford D. Simak,1971,17,Technology,/works/OL4088387W
Handbook of Nuclear Medicine and Molecular Imaging for Physicists,Michael Ljungberg,2021,16,Technology,/works/OL25319181W
Principles of Spinning,Ashok R. Khare,2019,16,Technology,/works/OL25189113W
"Electrical Inspection, Testing and Certification",Michael Drury,2016,16,Technology,/works/OL21278233W
The Rise and Fall of D.O.D.O.,Neal Stephenson,2017,16,Technology,/works/OL19330491W
H2LiftShips,Bob Freeman,2020,16,Technology,/works/OL26584568W
Instinct of Workmanship and the State of Industrial Arts,Thorstein Veblen,1918,16,Technology,/works/OL1868432W
NYC Quote,Booksource,2023,1488,Education,/works/OL36724830W
A Vindication of Rights of Woman,Mary Wollstonecraft,1792,309,Education,/works/OL849186W
Essais,"Montaigne, Michel de",1600,294,Education,/works/OL1086528W
Manon Lescaut,Abbé Prévost,1734,288,Education,/works/OL1132652W
The Elements of Style,"William Strunk, Jr.",1920,273,Education,/works/OL38285W
The  light that failed,Rudyard Kipling,1890,262,Education,/works/OL20169W
The Richest Man in Babylon,George S. Clason,1926,258,Education,/works/OL8165007W
Democracy and Education,John Dewey,1916,184,Education,/works/OL111359W
Emile or Education,Jean-Jacques Rousseau,1762,182,Education,/works/OL80613W
Chemistry,Theodore L. Brown,1977,168,Education,/works/OL15130687W
The schoolmasters assistant,Thomas Dilworth,1744,128,Education,/works/OL1651332W
Love and Mr. Lewisham,H. G. Wells,1899,118,Education,/works/OL52259W
Nana,Émile Zola,1880,118,Education,/works/OL118984W
Letters to his son,"Philip Dormer Stanhope, 4th Earl of Chesterfield",1774,114,Education,/works/OL671958W
Areopagitica,John Milton,1644,113,Education,/works/OL810614W
Παρμενίδης,Plato,1728,111,Education,/works/OL51802W
[Relief of C. J. Baronett.],United States. Congress. Senate. Committee on Territories,1863,110,Education,/works/OL11114078W
Poems,Matthew Arnold,1853,107,Education,/works/OL1336796W
Hippolytus,Euripides,1756,105,Education,/works/OL66497W
The mis-education of the Negro,Carter Godwin Woodson,1933,101,Education,/works/OL48136W
Decline and Fall,Evelyn Waugh,1928,97,Education,/works/OL5721413W
Circulaire au clergé,Catholic Church. Archdiocese of Quebec. Archbishop (1870-1898 : Taschereau),1985,87,Education,/works/OL12174772W
Assommoir,Émile Zola,1870,83,Education,/works/OL118983W
Mr. Britling Sees It Through,H. G. Wells,1916,81,Education,/works/OL52230W
Thumbelina,Hans Christian Andersen,1911,79,Education,/works/OL15049906W
Tom Brown's School Days,Thomas Hughes,1800,76,Education,/works/OL2540345W
On Cooking,Sarah R. Labensky,1994,74,Education,/works/OL1874827W
Sixteenth census of the United States,United States. Bureau of the Census,1900,72,Education,/works/OL1369822W
The idea of a university,John Henry Newman,1873,70,Education,/works/OL1144814W
How to Speak and Write Correctly,Joseph Devlin,1910,68,Education,/works/OL2255454W
The Snowy Day,Ezra Jack Keats,1962,66,Education,/works/OL831023W
The scholemaster,Roger Ascham,1571,66,Education,/works/OL4772651W
[To promote education of the blind.],United States. Congress. Senate. Committee on Education and Labor.,1870,65,Education,/works/OL11316174W
Kim,Rudyard Kipling,1901,65,Education,/works/OL20172W
A report from the Texas School Performance Review,Texas School Performance Review (Agency),1999,64,Education,/works/OL5700623W
Hecuba,Euripides,1518,63,Education,/works/OL66460W
Freakonomics,Steven D. Levitt,2005,63,Education,/works/OL278022W
The Prime of Miss Jean Brodie,Muriel Spark,1961,59,Education,/works/OL26437W
Institutiones oratoriae,Quintilian,1515,58,Education,/works/OL10314049W
The Shipping News,Annie Proulx,1993,57,Education,/works/OL456089W
Paying For Long-Term Care,Jimi Lofinmakin,2021,56,Education,/works/OL25474994W
Neue Jahrbücher für Philologie und Paedogogik,Neue # philologie und paedagogik ... 1831-97,1833,56,Education,/works/OL13142856W
Notes on nursing,Florence Nightingale,1859,54,Education,/works/OL65713W
Metodo della pedagogia scientifica,Maria Montessori,1912,54,Education,/works/OL1542661W
Six Centuries of Work and Wages,James E. Thorold Rogers,1884,54,Education,/works/OL202128W
Welfare reform,United States. General Accounting Office,1995,53,Education,/works/OL565215W
Some thoughts concerning education,John Locke,1693,52,Education,/works/OL880199W
The improvement of the mind,Isaac Watts,1741,50,Education,/works/OL667197W
Repertorien,Hauptstaatsarchiv Stuttgart,1980,50,Education,/works/OL37401716W
Essays on educational reformers,Robert Hebert Quick,1868,50,Education,/works/OL245505W
BOOK,Galeron Consulting LLC,2000,49,Education,/works/OL38191597W
BOOK,Galeron Consulting LLC,2000,49,Education,/works/OL38254893W
The Story of My Life,Helen Keller,1903,49,Education,/works/OL4002681W
Summerhill,A. S. Neill,1926,49,Education,/works/OL2950120W
BOOK,Galeron Consulting LLC,2000,48,Education,/works/OL38141948W
Selections,Aristotle,1491,48,Education,/works/OL151603W
Mauprat,George Sand,1857,48,Education,/works/OL982017W
Lost City of the Incas,Hiram Bingham,1948,48,Education,/works/OL21844W
Letters on the improvement of the mind,Hester Chapone,1773,48,Education,/works/OL3293673W
BOOK,Galeron Consulting LLC,2000,47,Education,/works/OL38214239W
Looking out/looking in,Ronald B. Adler,1974,47,Education,/works/OL72511W
Blink,Malcolm Gladwell,2004,47,Education,/works/OL5749849W
The English school-master,Edmund Coote,1596,47,Education,/works/OL7294977W
The Miracle Worker,William Gibson,1956,46,Education,/works/OL261558W
Which School?,Derek Bingham,1991,46,Education,/works/OL8652805W
The philosophy of Hegel,Georg Wilhelm Friedrich Hegel,1843,46,Education,/works/OL678262W
Mcguffey's Readers Fourth Eclectic Reader,William Holmes McGuffey,1837,45,Education,/works/OL1895946W
An essay in aid of a grammar of assent,John Henry Newman,1870,45,Education,/works/OL1144823W
As a man thinketh,James Allen,1902,657,Business,/works/OL43024W
Think and Grow Rich,Napoleon Hill,1937,309,Business,/works/OL527464W
"The art of money getting, or, Golden rules for money getting",P. T. Barnum,1880,296,Business,/works/OL891636W
The Theory of the Leisure Class,Thorstein Veblen,1899,236,Business,/works/OL1868441W
The master key system in twenty-four parts with questionnaire and glossary,Charles F. Haanel,1919,135,Business,/works/OL2041069W
The Wealth of Nations,Adam Smith,1776,123,Business,/works/OL76827W
Ali Pacha,Alexandre Dumas,2001,105,Business,/works/OL259549W
Collins Robert French English Dictionary,Beryl T. Atkins,1978,90,Business,/works/OL259619W
The Law of Success,Napoleon Hill,1969,90,Business,/works/OL527383W
Reminiscences of a stock operator,Edwin Lefèvre,1923,81,Business,/works/OL3472215W
The 7 Habits of Highly Effective People,Stephen R. Covey,1989,77,Business,/works/OL2629977W
The magic of believing,Claude M. Bristol,1948,61,Business,/works/OL120672W
Eat That Frog! 21 Great Ways to Stop Procrastinating and Get More Done in Less Time,Brian Tracy,2001,60,Business,/works/OL2392324W
The theory of business enterprise 1904,Thorstein Veblen,1904,56,Business,/works/OL1868458W
Steve Jobs,Walter Isaacson,2011,56,Business,/works/OL16085155W
The 48 Laws of Power,Robert Greene,1998,55,Business,/works/OL1968368W
The Intelligent Investor,Benjamin Graham,1949,53,Business,/works/OL273184W
Interactive Computing Series,Kenneth C. Laudon,1997,51,Business,/works/OL58233W
The Moneychangers,Arthur Hailey,1970,49,Business,/works/OL2475103W
Mastering today's software,Edward G. Martin,1992,49,Business,/works/OL64843W
Autobiography,Andrew Carnegie,1920,48,Business,/works/OL1532804W
Effective Executive,Peter F. Drucker,1967,43,Business,/works/OL272920W
Imperialism [and] Social classes; two essays,Joseph Alois Schumpeter,1951,42,Business,/works/OL1295306W
I-Series,Stephen Haag,2001,41,Business,/works/OL15052267W
Les belles images,Simone de Beauvoir,1966,41,Business,/works/OL43413999W
The 4-Hour Workweek,Timothy Ferriss,2006,41,Business,/works/OL3353439W
The leadership challenge,James M. Kouzes,1987,40,Business,/works/OL1974749W
Hold the dream,Barbara Taylor Bradford,1625,40,Business,/works/OL11375139W
Atomic Habits,James Clear,2016,40,Business,/works/OL17930368W
Emotional Intelligence,Daniel Goleman,1995,39,Business,/works/OL1878267W
[Preservation of forests.],United States. Congress. Senate. Committee on Agriculture and Forestry,1888,38,Business,/works/OL10833891W
The Practice of Management,Peter F. Drucker,1954,37,Business,/works/OL274337W
Reframing Organizations,Lee G. Bolman,1991,36,Business,/works/OL3359455W
Innovation and Entrepreneurship,Peter F. Drucker,1985,33,Business,/works/OL272925W
Confessions of an economic hit man,"Perkins, John",2004,33,Business,/works/OL2693772W
Tax Planning and Compliance for Tax-Exempt Organizations,Jody Blazek,1993,32,Business,/works/OL1980606W
Managing for Results,Peter F. Drucker,1964,32,Business,/works/OL274336W
Outliers,Malcolm Gladwell,2008,32,Business,/works/OL5749847W
Absentee ownership and busines enterprise in recent times,Thorstein Veblen,1923,32,Business,/works/OL1868425W
Research in Personnel and Human Resources Management,M. Ronald Buckley,2014,31,Business,/works/OL21077843W
Security Analysis,Benjamin Graham,1934,31,Business,/works/OL273188W
Leadership and Self Deception,The Arbinger Institute,2000,31,Business,/works/OL8921343W
Black Mesa,Zane Grey,1955,31,Business,/works/OL485408W
Poison Island,Arthur Quiller-Couch,1907,30,Business,/works/OL3863974W
The Constant Gardener,John le Carré,2000,30,Business,/works/OL15723135W
Census of business,United States. Bureau of the Census,1936,30,Business,/works/OL1369815W
How to Get Rich,Donald Trump,1987,29,Business,/works/OL2720606W
AAT Success (Financial Training AAT Study Packs),Financial Training Company,1995,29,Business,/works/OL9800249W
Your Office,Amy S. Kinser,2012,28,Business,/works/OL20194516W
Business @ the speed of thought,Bill Gates,1999,28,Business,/works/OL53677W
Shoe Dog,Phil Knight,2014,28,Business,/works/OL17825802W
The Strangest Secret,Earl Nightingale,1900,28,Business,/works/OL3407905W
"Rich Dad, Poor Dad for Teens",Robert T. Kiyosaki,2004,27,Business,/works/OL2010893W
The Black Swan,Nassim Nicholas Taleb,2005,27,Business,/works/OL3295030W
Patterns,IBM Redbooks,2002,26,Business,/works/OL8414329W
Your Office,Amy Kinser,2012,26,Business,/works/OL20810149W
Project management,Harold Kerzner,1979,26,Business,/works/OL2673378W
Ten acres enough,"Morris, Edmund",1864,26,Business,/works/OL1961996W
Contemporary business,Louis E. Boone,1976,26,Business,/works/OL532896W
Stock Investing for Dummies,Paul Mladjenovic,2002,25,Business,/works/OL278197W
Superfreakonomics,Steven D. Levitt,2009,25,Business,/works/OL14909866W
Customer Relationship Management,Francis Buttle,2003,24,Business,/works/OL8467198W
"A history of the Bank of New York, 1784-1884",Henry Williams Domett,1784,24,Business,/works/OL7299949W
Thought-Force in Business and Everyday Life,William Walker Atkinson,1901,24,Business,/works/OL3875841W
Industry and trade,Alfred Marshall,1919,24,Business,/works/OL2627166W
Critical thinking,Richard W. Paul,1990,24,Business,/works/OL4311501W
Complete English Tradesman,Daniel Defoe,1726,23,Business,/works/OL30405352W
Rich dad's guide to investing,Robert T. Kiyosaki,2000,23,Business,/works/OL2010894W
Ebay for dummies,Marsha Collier,2000,23,Business,/works/OL15830330W
Business,O. C. Ferrell,1992,22,Business,/works/OL531097W
Thriving on chaos,Thomas J. Peters,1987,22,Business,/works/OL2634086W
Leadership Wisdom from the Monk Who Sold His Ferrari,Robin S. Sharma,1998,22,Business,/works/OL1854816W
Management Challenges for the 21st Century,Peter F. Drucker,1999,22,Business,/works/OL274330W
International business,Debra Johnson,2003,21,Business,/works/OL5876837W
Loss Models,Stuart A. Klugman,2009,21,Business,/works/OL19884709W
Learning to use Windows applications,Gary B. Shelly,1994,21,Business,/works/OL758362W
Fundraising for social change,Kim Klein,1985,21,Business,/works/OL3538180W
Creative problem solving for managers,Tony Proctor,1999,21,Business,/works/OL1962169W
Managing in Turbulent Times,Peter F. Drucker,1980,21,Business,/works/OL272921W
The fur trade in Canada,Harold Adams Innis,1930,21,Business,/works/OL762827W
Excel 2010 For Dummies,Greg Harvey,2010,21,Business,/works/OL15173871W
The Tipping Point,Malcolm Gladwell,2000,21,Business,/works/OL5749848W
Your Story Sells,"Infante-Reyes, Jenny, Jr.",2023,20,Business,/works/OL35786510W
Wall Street stories,Edwin Lefèvre,1901,20,Business,/works/OL3472216W
Advances in management accounting,Marc J. Epstein,2007,20,Business,/works/OL19859861W
Tao te Ching,老子,1842,648,Philosophy,/works/OL45499W
Meditations,Marcus Aurelius,1626,643,Philosophy,/works/OL1317211W
Also sprach Zarathustra,Friedrich Nietzsche,1883,552,Philosophy,/works/OL98130W
The Book of Tea,Okakura Kakuzō,1900,476,Philosophy,/works/OL7095112W
On Liberty,John Stuart Mill,1859,465,Philosophy,/works/OL1068091W
Nicomachean Ethics,Aristotle,1558,416,Philosophy,/works/OL8273964W
Jenseits von Gut und Böse,Friedrich Nietzsche,1885,415,Philosophy,/works/OL98174W
Pensées,Blaise Pascal,1670,395,Philosophy,/works/OL1262495W
The Golden Bough,James George Frazer,1890,374,Philosophy,/works/OL1159648W
Dialogues Concerning Natural Religion,David Hume,1779,340,Philosophy,/works/OL93568W
Anthem,Ayn Rand,1936,306,Philosophy,/works/OL731737W
A Room of One's Own,Virginia Woolf,1929,303,Philosophy,/works/OL39379W
Φαίδων,Plato,1713,291,Philosophy,/works/OL51805W
The Problems of Philosophy,Bertrand Russell,1900,288,Philosophy,/works/OL1088577W
Summa Theologica,Thomas Aquinas,1467,277,Philosophy,/works/OL15314568W
Bushidō,Inazo Nitobe,1899,258,Philosophy,/works/OL1154715W
Ἀπολογία Σωκράτους,Plato,1675,232,Philosophy,/works/OL51948W
Du contrat social,Jean-Jacques Rousseau,1762,216,Philosophy,/works/OL80609W
Tractatus logico-philosophicus,Ludwig Wittgenstein,1921,210,Philosophy,/works/OL1410381W
Niebla,Miguel de Unamuno,1914,206,Philosophy,/works/OL503589W
Der Zauberberg,Thomas Mann,1924,188,Philosophy,/works/OL14866824W
"Familiar quotations; a collection of passages, phrases, and proverbs traced to their sources in ancient and modern literature",John Bartlett,1855,185,Philosophy,/works/OL4095472W
Prince,Niccolò Machiavelli,1998,183,Philosophy,/works/OL21456413W
Walking,Henry David Thoreau,1914,183,Philosophy,/works/OL55719W
How to Win Friends and Influence People,Dale Carnegie,1936,178,Philosophy,/works/OL1063267W
Principles of internal medicine,Tinsley Randolph Harrison,1950,173,Philosophy,/works/OL280577W
Common Sense,Thomas Paine,1776,171,Philosophy,/works/OL60358W
Πρωταγόρας,Plato,1828,167,Philosophy,/works/OL51938W
Τίμαιος,Plato,1520,163,Philosophy,/works/OL51823W
Θεαίτητος,Πλάτων,1861,159,Philosophy,/works/OL51854W
Philosophical essays concerning human understanding,David Hume,1900,155,Philosophy,/works/OL93547W
Kritik der reinen Vernunft,Immanuel Kant,1781,153,Philosophy,/works/OL99844W
The Story of Philosophy,Will Durant,1926,147,Philosophy,/works/OL1073898W
La Chute,Albert Camus,1917,145,Philosophy,/works/OL1230631W
An autobiography,Mohandas Karamchand Gandhi,1927,140,Philosophy,/works/OL298031W
Der Untergang des Abendlandes,Oswald Spengler,1918,139,Philosophy,/works/OL3392002W
The Defendant,Gilbert Keith Chesterton,1901,138,Philosophy,/works/OL76348W
Culture and anarchy; an essay in political and social criticism,Matthew Arnold,1869,138,Philosophy,/works/OL1336695W
Darkwater; voices from within the veil,W. E. B. Du Bois,1920,136,Philosophy,/works/OL28571W
Essays,Ralph Waldo Emerson,1800,133,Philosophy,/works/OL62250W
Principles of Political Economy,John Stuart Mill,1848,133,Philosophy,/works/OL1068184W
State and Revolution,Vladimir Il’ich Lenin,1900,132,Philosophy,/works/OL301143W
De officiis,Cicero,1465,129,Philosophy,/works/OL67551W
Del sentimiento trágico de la vida en los hombres y en los pueblos,Miguel de Unamuno,1900,127,Philosophy,/works/OL503529W
Εὐθύφρων / Κρίτων / Φαίδων / Ἀπολογία Σωκράτους,Plato,1871,126,Philosophy,/works/OL51784W
The Kybalion,Three Initiates,1912,122,Philosophy,/works/OL20156281W
The Everlasting Man,Gilbert Keith Chesterton,1925,122,Philosophy,/works/OL76474W
De l'esprit des lois,Charles-Louis de Secondat baron de La Brède et de Montesquieu,1748,121,Philosophy,/works/OL453554W
A Study of History,Arnold J. Toynbee,1900,119,Philosophy,/works/OL1108523W
The Yellow Wallpaper,Charlotte Perkins Gilman,1892,721,Psychology,/works/OL2772007W
Princesse de Clèves,Madame de La Fayette,1678,417,Psychology,/works/OL1244914W
The Awakening,Kate Chopin,1899,347,Psychology,/works/OL65430W
Братья Карамазовы,Fyodor Dostoyevsky,1880,313,Psychology,/works/OL10432709W
Tender is the Night,F. Scott Fitzgerald,1933,312,Psychology,/works/OL468485W
The Old Man and the Sea,Ernest Hemingway,1952,307,Psychology,/works/OL63073W
La Peste,Albert Camus,1942,280,Psychology,/works/OL1230715W
The Varieties of Religious Experience,William James,1817,267,Psychology,/works/OL1073561W
The Book of Dreams and Ghosts,Andrew Lang,1897,228,Psychology,/works/OL1088777W
Works (Awakening / Beyond the Bayou / Desiree's Baby / Kiss / Locket / Ma'ame Pelagie / Pair of Silk Stockings / Reflection / Respectable Woman),Kate Chopin,1981,198,Psychology,/works/OL65438W
Бѣсы,Fyodor Dostoyevsky,1871,171,Psychology,/works/OL166971W
"Rabbit, Run",John Updike,1960,159,Psychology,/works/OL463709W
Die Traumdeutung,Sigmund Freud,1899,141,Psychology,/works/OL1069300W
Le rire; essai sur la signification du comique,Henri Bergson,1901,139,Psychology,/works/OL76650W
Catch-22,Joseph Heller,1961,134,Psychology,/works/OL276798W
The Power of Your Subconscious Mind,Joseph Murphy,1963,132,Psychology,/works/OL55806W
Poor Miss Finch,Wilkie Collins,1872,122,Psychology,/works/OL176089W
El túnel,Ernesto Sabato,1948,120,Psychology,/works/OL617847W
... Trotzdem Ja zum Leben sagen,Viktor E. Frankl,1946,111,Psychology,/works/OL1268413W
Clairvoyance and occult powers,Swami Panchadasi,1916,109,Psychology,/works/OL7904330W
Complete Works of W. R. Bion,W. R. Bion,2014,108,Psychology,/works/OL21694912W
Tuesdays with Morrie,Mitch Albom,1994,104,Psychology,/works/OL1822313W
The game of life and how to play it,Florence Scovel Shinn,1925,97,Psychology,/works/OL4794651W
Self-knowledge,John Mason,1745,96,Psychology,/works/OL6384123W
"The fortunate mistress, or, Roxana",Daniel Defoe,1724,93,Psychology,/works/OL411558W
Escape from Freedom,Erich Fromm,1941,89,Psychology,/works/OL1184906W
Cock Lane and Commonsense 1896,Andrew Lang,1889,80,Psychology,/works/OL1088896W
"Men are From Mars, Women are From Venus",John Gray,1992,78,Psychology,/works/OL263458W
Zen and the Art of Motorcycle Maintenance,Robert M. Pirsig,1974,78,Psychology,/works/OL827357W
Le suicide,Émile Durkheim,1850,77,Psychology,/works/OL606917W
Das Ende einer Affäre,Graham Greene,1951,74,Psychology,/works/OL106013W
The Silence of the Lambs,Thomas Harris,1988,72,Psychology,/works/OL23481W
The Corrections,Jonathan Franzen,2001,70,Psychology,/works/OL4082696W
Sphere,Michael Crichton,1980,69,Psychology,/works/OL46917W
The prelude,William Wordsworth,1850,69,Psychology,/works/OL26384W
The Edible Woman,Margaret Atwood,1969,67,Psychology,/works/OL675696W
The Lonely Crowd,David Riesman,1950,67,Psychology,/works/OL15410871W
Their Eyes Were Watching God,Zora Neale Hurston,1937,66,Psychology,/works/OL27778127W
"Bartleby, the Scrivener",Herman Melville,1966,66,Psychology,/works/OL102732W
Essays on the intellectual powers of man,James Walker,1785,65,Psychology,/works/OL2665121W
Giovanni's Room,James Baldwin,1956,65,Psychology,/works/OL228702W
Menschenkenntnis,Alfred Adler,1927,64,Psychology,/works/OL1127269W
Authority and the Individual,Bertrand Russell,1949,63,Psychology,/works/OL1088583W
Supplement,Pearson,2003,61,Psychology,/works/OL209286W
The Fountainhead,Ayn Rand,1943,61,Psychology,/works/OL731663W
国立 国会 図書館 所蔵 明治期 刋行 図書 マイクロ版 集成,Kokuritsu Kokkai Toshokan (Japan),1991,60,Psychology,/works/OL39080200W
The anatomy of melancholy,Robert Burton,1624,60,Psychology,/works/OL3149647W
Analysis of the phenomena of the human mind,James Mill,1829,57,Psychology,/works/OL4087856W
Games People Play,Eric Berne,1964,57,Psychology,/works/OL1593567W
Witz und seine Beziehung zum Unbewussten,Sigmund Freud,1916,57,Psychology,/works/OL1069672W
Zur psychopathologie des alltagslebens (The psychopathology of everyday life),Sigmund Freud,1904,56,Psychology,/works/OL1069431W
An Ideal Husband,Oscar Wilde,1899,56,Psychology,/works/OL14877875W
Man for Himself,Erich Fromm,1947,55,Psychology,/works/OL1184951W
Wonder,R. J. Palacio,2001,55,Psychology,/works/OL16142094W
Your Mind and How to Use It,William Walker Atkinson,1911,54,Psychology,/works/OL3875836W
A View from the Bridge,Arthur Miller,1955,53,Psychology,/works/OL66345W
Piazza Tales,Herman Melville,1856,52,Psychology,/works/OL102742W
"Pierre, or the Ambiguities",Herman Melville,1852,52,Psychology,/works/OL102736W
"Peau Noire, Masques Blancs",Frantz Fanon,1952,52,Psychology,/works/OL1323771W
The Feminine Mystique,Betty Friedan,1963,52,Psychology,/works/OL2643698W
The Man Who Knew Too Much,Gilbert Keith Chesterton,1922,644,Religion,/works/OL76468W
Heretics,Gilbert Keith Chesterton,1905,551,Religion,/works/OL76482W
De la démocratie en Amérique,Alexis de Tocqueville,1835,424,Religion,/works/OL278001W
Imitation of Christ,Thomas à Kempis,1568,394,Religion,/works/OL260847W
The Rainbow,D. H. Lawrence,1915,358,Religion,/works/OL81293W
Siddhartha,Hermann Hesse,1922,206,Religion,/works/OL872932W
The pursuit of God,A. W. Tozer,1897,176,Religion,/works/OL544652W
Marius the Epicurean,Walter Pater,1885,172,Religion,/works/OL43659W
The great controversy,Ellen Gould Harmon White,1858,159,Religion,/works/OL1887655W
Exercitia spiritualia,Saint Ignatius of Loyola,1548,145,Religion,/works/OL1238284W
A Wonder Book for Girls and Boys,Nathaniel Hawthorne,1800,144,Religion,/works/OL455667W
Die protestantische Ethik und der Geist des Kapitalismus,Max Weber,1700,137,Religion,/works/OL1362905W
The story of the other wise man,Henry van Dyke,1895,135,Religion,/works/OL2254120W
Custom and myth,Andrew Lang,1884,131,Religion,/works/OL1089032W
The guide of the perplexed of Maimonides,Moses Maimonides,1473,116,Religion,/works/OL158224W
Life of Pi,Yann Martel,2000,115,Religion,/works/OL2827199W
The Bridge of San Luis Rey,Thornton Wilder,1927,109,Religion,/works/OL482894W
John Donne Poetry,John Donne,1633,105,Religion,/works/OL15420303W
Dieu et l’État,Mikhail Aleksandrovich Bakunin,1882,105,Religion,/works/OL26823929W
Εὐθύφρων,Plato,1880,102,Religion,/works/OL51781W
"An alarm to unconverted sinners, in a serious treatise",Joseph Alleine,1672,98,Religion,/works/OL6956024W
Physico-theology,William Derham,1713,98,Religion,/works/OL5949084W
Tartuffe,Molière,1707,96,Religion,/works/OL15144788W
"San Manuel Bueno, mártir",Miguel de Unamuno,1933,93,Religion,/works/OL503616W
The rambler,Samuel Johnson,1750,91,Religion,/works/OL14862914W
Sobranie sochinenii v dvadtsati dvukh tomakh,Лев Толстой,1882,89,Religion,/works/OL10413840W
The Book of the Dead,E. A. Wallis Budge,1894,85,Religion,/works/OL7973699W
A Burnt-Out Case,Graham Greene,1960,85,Religion,/works/OL106080W
Religio medici,Thomas Browne,1642,85,Religion,/works/OL997527W
Pagan & Christian creeds,Edward Carpenter,1920,82,Religion,/works/OL1041142W
Stranger in a Strange Land,Robert A. Heinlein,1961,80,Religion,/works/OL59688W
Misal diario y vesperal,Catholic Church,1806,78,Religion,/works/OL15161992W
Ile des pingouins,Anatole France,1908,78,Religion,/works/OL989147W
Saint Thomas Aquinas,Gilbert Keith Chesterton,1933,78,Religion,/works/OL76412W
The Profits of Religion (An Essay in Economic Interpretation),Upton Sinclair,1900,77,Religion,/works/OL115009W
Folk-lore in the Old Testament,James George Frazer,1907,73,Religion,/works/OL1159647W
Camino de perfección [por] Santa Teresa de Jesús,Teresa of Avila,1632,71,Religion,/works/OL313297W
De Natura deorum,Cicero,1718,70,Religion,/works/OL67545W
Ich und du,Martin Buber,1922,69,Religion,/works/OL12337W
The miracles of our Lord,George MacDonald,1870,68,Religion,/works/OL15404W
Phänomenologie des Geistes,Georg Wilhelm Friedrich Hegel,1907,68,Religion,/works/OL678515W
Aids to reflection in the formation of a manly character,Samuel Taylor Coleridge,1800,67,Religion,/works/OL25979W
Go Tell It on the Mountain,James Baldwin,1952,66,Religion,/works/OL228705W
Roots,Alex Haley,1861,63,Religion,/works/OL1815447W
"The crook in the lot, or, The sovereignty and wisdom of God displayed in the afflictions of men",Thomas Boston,1770,61,Religion,/works/OL1135388W
Reincarnation and the Law of Karma,William Walker Atkinson,1908,58,Religion,/works/OL3875843W
Mao Tŝe-tung's quotations,Mao Zedong,1962,58,Religion,/works/OL345423W
Hebrew Union College Annual,Hebrew Union College Press Staff,1949,55,Religion,/works/OL21543894W
A dish of orts,George MacDonald,1893,55,Religion,/works/OL15382W
Khureb BeRuahk Sword of the Spirit,Windy,1923,54,Religion,/works/OL36731881W
Le Mythe de l'éternel retour,Mircea Eliade,1949,54,Religion,/works/OL748595W
The fire next time,James Baldwin,1962,54,Religion,/works/OL2683364W
Coloring Book of Shadows,Amy Cesari,2016,52,Religion,/works/OL22708239W
Primitive Culture,Edward Burnett Tylor,2010,51,Religion,/works/OL21123651W
Il Combattimento Spirituale,Lorenzo Scupoli,1594,51,Religion,/works/OL4959706W
"Before philosophy, the intellectual adventure of ancient man",Henri Frankfort,1946,50,Religion,/works/OL1141014W
Nanhua jing,Zhuangzi,1889,49,Religion,/works/OL2423610W
History of the Negro Race in America,George Washington Williams,1882,49,Religion,/works/OL249235W
Round the Bend,Nevil Shute,1951,48,Religion,/works/OL2779764W
"A child called ""it""",David J. Pelzer,1987,48,Religion,/works/OL66946W
Kitāb al-ḥujjah,Judah ha-Levi,1546,48,Religion,/works/OL1320826W
Guesses at truth,Augustus J. C. Hare,1827,48,Religion,/works/OL3506817W
Egyptian ideas of the future life,E. A. Wallis Budge,1899,47,Religion,/works/OL1146257W
The white goddess,Robert Graves,1920,47,Religion,/works/OL5036950W
Vers une architecture,Le Corbusier,1923,45,Religion,/works/OL15164456W
Cristianos Sin Jesus en el Infierno,Luis Dávila,2017,45,Religion,/works/OL21865037W
The Power of Now,Eckhart Tolle,1997,45,Religion,/works/OL5727686W
An Essay on the Development of Christian Doctrine,John Henry Newman,1845,45,Religion,/works/OL1144821W
